1,アイルー茶釜
2,アオキノコ
3,赫い龍液[XX]
4,赤色の龍氣玉[XX]
5,赫色の龍氣玉[XX]
6,空きビン
7,アキンドングリ
8,鮮やかな体液
9,足湯チケット
10,足湯チケットG[XX]
11,暖かい毛皮
12,圧電甲
13,アプケロスのキモ
14,アルティマ結晶[XX]
15,アルビノエキス
16,アルビノの霜降り
17,アルビノの中落ち
18,荒鉤爪狩猟の証1
19,荒鉤爪狩猟の証10
20,荒鉤爪狩猟の証11[XX]
21,荒鉤爪狩猟の証12[XX]
22,荒鉤爪狩猟の証13[XX]
23,荒鉤爪狩猟の証14[XX]
24,荒鉤爪狩猟の証15[XX]
25,荒鉤爪狩猟の証2
26,荒鉤爪狩猟の証3
27,荒鉤爪狩猟の証4
28,荒鉤爪狩猟の証5
29,荒鉤爪狩猟の証6
30,荒鉤爪狩猟の証7
31,荒鉤爪狩猟の証8
32,荒鉤爪狩猟の証9
33,荒鉤爪の蒼爪
34,荒鉤爪の鱗
35,荒鉤爪の大蒼爪
36,荒鉤爪の堅殻
37,荒鉤爪の甲殻
38,荒鉤爪の厚鱗[XX]
39,荒鉤爪の剛蒼爪[XX]
40,荒鉤爪の真端材[XX]
41,荒鉤爪の重殻[XX]
42,荒鉤爪の上鱗
43,荒鉤爪の天端材[XX]
44,荒鉤爪の端材
45,荒鉤爪の銘端材
46,泡立つ滑液
47,泡立つ上滑液
48,泡立つ濃滑液[XX]
49,アーウィン搭乗券
50,アーサーの鎧[XX]
51,イカしたクチバシ
52,イカしたトサカ[XX]
53,厳めしい頭骨
54,粋な重端材[XX]
55,粋な上端材
56,粋な端材
57,異形の堅骨
58,異形の真端材[XX]
59,異形の重骨[XX]
60,異形の端材
61,異形の骨
62,異形の銘端材
63,石ころ
64,偉大な冠羽[XX]
65,イチノタチウオ
66,いにしえの巨龍骨[XX]
67,いにしえの秘薬
68,いにしえの龍骨
69,いにしえの龍秘宝
70,岩穿狩猟の証1
71,岩穿狩猟の証10
72,岩穿狩猟の証11[XX]
73,岩穿狩猟の証12[XX]
74,岩穿狩猟の証13[XX]
75,岩穿狩猟の証14[XX]
76,岩穿狩猟の証15[XX]
77,岩穿狩猟の証2
78,岩穿狩猟の証3
79,岩穿狩猟の証4
80,岩穿狩猟の証5
81,岩穿狩猟の証6
82,岩穿狩猟の証7
83,岩穿狩猟の証8
84,岩穿狩猟の証9
85,岩穿の鱗
86,岩穿の巨大牙
87,岩穿の堅殻
88,岩穿の甲殻
89,岩穿の厚鱗[XX]
90,岩穿の極大牙
91,岩穿の真端材[XX]
92,岩穿の重殻[XX]
93,岩穿の上鱗
94,岩穿の天端材[XX]
95,岩穿の弩級牙[XX]
96,岩穿の端材
97,岩穿の銘端材
98,隕石の大塊
99,EX炎王龍チケット
100,EX霞龍チケット
101,EX火竜チケット
102,EX火竜チケットS
103,EX金火竜チケット
104,EX銀火竜チケット
105,EX鋼龍チケット
106,EX黒蝕竜チケット
107,EX轟竜チケット
108,EX轟竜チケットS
109,EX砕竜チケット
110,EX天廻龍チケット
111,EX桃毛獣チケット[XX]
112,EX溶岩竜チケット
113,EX雷狼竜チケット
114,EX老山龍チケット[XX]
115,EX老山龍チケットS[XX]
116,EX黒龍チケット・紅[XX]
117,EX黒龍チケット・白[XX]
118,イーオスの鱗
119,イーオスの皮
120,イーオスの厚紫鱗[XX]
121,イーオスの厚皮[XX]
122,イーオスの厚鱗[XX]
123,イーオスの紫鱗
124,イーオスの重端材[XX]
125,イーオスの上紫鱗
126,イーオスの上端材
127,イーオスの上皮
128,イーオスの上鱗
129,イーオスの大皮
130,イーオスの大厚皮[XX]
131,イーオスの大上皮
132,イーオスの毒牙
133,イーオスの端材
134,うしおコイン
135,打上げタル爆弾
136,打上げタル爆弾G
137,ウチケシの実
138,うなりうねり貝
139,運命のカード
140,雲羊鹿の毛玉
141,雲羊鹿の重角[XX]
142,雲羊鹿の角
143,雲羊鹿の天然毛
144,英雄の証
145,栄養剤
146,栄養剤グレート
147,鋭利な爪[XX]
148,SFコイン
149,エビの巨大殻[XX]
150,エビの小殻
151,エビの大殻
152,エルトライト鉱石[XX]
153,炎王龍の堅殻
154,炎王龍の甲殻
155,炎王龍の剛角[XX]
156,炎王龍の尻尾
157,炎王龍の重殻[XX]
158,炎王龍の重端材[XX]
159,炎王龍の上端材
160,炎王龍の靭尾[XX]
161,炎王龍の尖角
162,炎王龍のたてがみ
163,炎王龍の角
164,炎王龍の端材
165,炎戈竜の碇口
166,炎戈竜の鋭爪
167,炎戈竜の堅殻
168,炎戈竜の厚皮[XX]
169,炎戈竜の剛爪[XX]
170,炎戈竜の尻尾
171,炎戈竜の重殻[XX]
172,炎戈竜の重端材[XX]
173,炎戈竜の上端材
174,炎戈竜の上皮
175,炎戈竜の上ヒレ
176,炎戈竜の特上ヒレ[XX]
177,炎戈竜の獰端材[XX]
178,炎戈竜の燃鱗
179,炎戈竜の猛端材
180,円盤石
181,炎龍の剛爪[XX]
182,炎龍の塵粉
183,炎龍の尖爪
184,炎龍の爪
185,炎龍の宝玉
186,炎龍の翼膜
187,応急耳栓
188,応急薬
189,応急薬グレート
190,黄金魚
191,黄金骨
192,黄金石のかけら
193,黄金石の塊
194,黄金ダンゴ
195,黄金の毛
196,王者の冠羽
197,王族カナブン
198,王錦魚
199,鏖魔狩猟の証1[XX]
200,鏖魔狩猟の証2[XX]
201,鏖魔狩猟の証3[XX]
202,鏖魔狩猟の証4[XX]
203,鏖魔狩猟の証5[XX]
204,鏖魔の真端材[XX]
205,鏖魔の重殻[XX]
206,鏖魔の重甲[XX]
207,鏖魔の凄惨な角[XX]
208,鏖魔の天端材[XX]
209,王鎧玉[XX]
210,大猪の硬い皮
211,大猪の皮
212,大猪の牙
213,大猪の重端材[XX]
214,大猪の上端材
215,大猪の大牙
216,大猪の大剛牙[XX]
217,大猪の端材
218,大猪のぶ厚い皮[XX]
219,大海原の輝石[XX]
220,大きな骨
221,オオクワアゲハ
222,大食いマグロ
223,オオゲキ毒クモリ[XX]
224,オオシッポガエル
225,大タル
226,大タル爆弾
227,大タル爆弾G
228,オオ筒ドングリ
229,オオツノアゲハ
230,オオ毒クモリ
231,オオナナホシ
232,オオヒマシメジ
233,大不老蛾
234,大水袋
235,オオモロコシ
236,大雪主狩猟の証1
237,大雪主狩猟の証10
238,大雪主狩猟の証11[XX]
239,大雪主狩猟の証12[XX]
240,大雪主狩猟の証13[XX]
241,大雪主狩猟の証14[XX]
242,大雪主狩猟の証15[XX]
243,大雪主狩猟の証2
244,大雪主狩猟の証3
245,大雪主狩猟の証4
246,大雪主狩猟の証5
247,大雪主狩猟の証6
248,大雪主狩猟の証7
249,大雪主狩猟の証8
250,大雪主狩猟の証9
251,大雪主の毛
252,大雪主の堅腹甲
253,大雪主の豪剛毛[XX]
254,大雪主の剛毛
255,大雪主の真端材[XX]
256,大雪主の重腹甲[XX]
257,大雪主の天端材[XX]
258,大雪主の端材
259,大雪主の腹甲
260,大雪主の銘端材
261,お食事券
262,落とし穴
263,音爆弾
264,オトモチケット
265,オトモチケットG[XX]
266,オトモ防具合成材・頭[XX]
267,オトモ防具合成材・胴[XX]
268,鬼蛙の鱗
269,鬼蛙の大牙
270,鬼蛙の巨大牙
271,鬼蛙の堅殻
272,鬼蛙の甲殻
273,鬼蛙の厚鱗[XX]
274,鬼蛙の剛爪[XX]
275,鬼蛙の重殻[XX]
276,鬼蛙の重端材[XX]
277,鬼蛙の上端材
278,鬼蛙の上鱗
279,鬼蛙の尖爪
280,鬼蛙の爪
281,鬼蛙の獰端材[XX]
282,鬼蛙の弩級牙[XX]
283,鬼蛙の端材
284,鬼蛙の猛端材
285,朧隠狩猟の証1[XX]
286,朧隠狩猟の証2[XX]
287,朧隠狩猟の証3[XX]
288,朧隠狩猟の証4[XX]
289,朧隠狩猟の証5[XX]
290,朧隠の真端材[XX]
291,朧隠の天端材[XX]
292,朧隠の透過鱗粉[XX]
293,朧隠の大翼[XX]
294,朧隠の特上羽鱗[XX]
295,海王認定書[XX]
296,会心の刃薬
297,海賊Jチケット
298,海賊Jネコ金貨
299,怪鳥の鱗
300,怪鳥の堅殻
301,怪鳥の甲殻
302,怪鳥の厚翼膜[XX]
303,怪鳥の厚鱗[XX]
304,怪鳥の地獄耳
305,怪鳥の重殻[XX]
306,怪鳥の重端材[XX]
307,怪鳥の上端材
308,怪鳥の上鱗
309,怪鳥の獰端材[XX]
310,怪鳥の端材
311,怪鳥の福耳[XX]
312,怪鳥の耳
313,怪鳥の猛端材
314,怪鳥の翼膜
315,回復笛
316,回復薬
317,回復薬グレート
318,海綿質の皮
319,海綿質の厚皮[XX]
320,海綿質の上皮
321,怪力の丸薬
322,怪力の種
323,海竜の鱗
324,海竜の鋭爪
325,海竜の皮
326,海竜の逆鱗
327,海竜の高電殻
328,海竜の厚皮[XX]
329,海竜の厚鱗[XX]
330,海竜の剛角[XX]
331,海竜の剛爪[XX]
332,海竜の剛尾[XX]
333,海竜の尻尾
334,海竜の重端材[XX]
335,海竜の上端材
336,海竜の上皮
337,海竜の上鱗
338,海竜の尖角
339,海竜の蒼玉
340,海竜の蒼天鱗[XX]
341,海竜の角
342,海竜の爪
343,海竜の獰端材[XX]
344,海竜の背電殻
345,海竜の端材
346,海竜の猛端材
347,海竜の雷電殻[XX]
348,火炎弾
349,火炎の蜜餌
350,火炎袋
351,輝く腹袋
352,閣蟷螂の雅鎌刃[XX]
353,閣蟷螂の金殻[XX]
354,閣蟷螂の香液[XX]
355,閣蟷螂の紫藍殻[XX]
356,閣蟷螂の重端材[XX]
357,閣蟷螂の美棘[XX]
358,閣蟷螂の麗眩玉[XX]
359,カクサンデメキン
360,カクサンの実
361,赫星石[XX]
362,角竜の延髄[XX]
363,角竜の牙[XX]
364,角竜の堅殻[XX]
365,角竜の堅甲[XX]
366,角竜の重殻[XX]
367,角竜の重甲[XX]
368,角竜の重端材[XX]
369,角竜の重尾甲[XX]
370,角竜の上端材
371,角竜の獰端材[XX]
372,角竜の尾甲[XX]
373,欠けた石像
374,欠けた大石像
375,欠けた猫神像[XX]
376,影蜘蛛の鋭爪[XX]
377,影蜘蛛の堅殻[XX]
378,影蜘蛛の堅鋏角[XX]
379,影蜘蛛の剛爪[XX]
380,影蜘蛛の重殻[XX]
381,影蜘蛛の重鋏角[XX]
382,影蜘蛛の重端材[XX]
383,影蜘蛛の上棘[XX]
384,影蜘蛛の上端材[XX]
385,影蜘蛛の獰端材[XX]
386,影蜘蛛の秘棘[XX]
387,花香石のかけら
388,花香石の塊
389,カジキマグロ
390,霞龍の皮
391,霞龍の剛角[XX]
392,霞龍の剛翼[XX]
393,霞龍の尻尾
394,霞龍の重端材[XX]
395,霞龍の上端材
396,霞龍の上皮
397,霞龍の靭尾[XX]
398,霞龍の尖角
399,霞龍の尖爪
400,霞龍の角
401,霞龍の爪
402,霞龍の特上皮[XX]
403,霞龍の端材
404,霞龍の宝玉
405,霞龍の翼膜
406,化石骨
407,風のタクト
408,活力剤
409,カブラコイン[XX]
410,カブレライト鉱石
411,鎌蟹の脚
412,鎌蟹の堅殻
413,鎌蟹の堅脚
414,鎌蟹の甲殻
415,鎌蟹の剛爪[XX]
416,鎌蟹の小殻
417,鎌蟹の重殻[XX]
418,鎌蟹の重脚[XX]
419,鎌蟹の重端材[XX]
420,鎌蟹の上端材
421,鎌蟹の尖爪
422,鎌蟹の爪
423,鎌蟹の獰端材[XX]
424,鎌蟹の端材
425,鎌蟹の猛端材
426,雷の蜜餌
427,神代の破片[XX]
428,火薬岩
429,火薬草
430,カラの実
431,カラ骨
432,火竜の鱗
433,火竜の延髄
434,火竜の堅殻
435,火竜の逆鱗
436,火竜の煌液
437,火竜の甲殻
438,火竜の紅玉
439,火竜の厚鱗[XX]
440,火竜の骨髄
441,火竜の剛翼[XX]
442,火竜の剛翼爪[XX]
443,火竜の尻尾
444,火竜の重殻[XX]
445,火竜の重端材[XX]
446,火竜の上端材
447,火竜の上鱗
448,火竜の靭尾[XX]
449,火竜の翼
450,火竜の天鱗[XX]
451,火竜の獰端材[XX]
452,火竜の端材
453,火竜の猛端材
454,火竜の翼爪
455,火竜の翼膜
456,狩技ドリンク
457,カワズの油
458,カワズの大殿油[XX]
459,カワズの殿油
460,カンタロスの頭
461,カンタロスの薄羽
462,カンタロスの堅殻
463,カンタロスの甲殻
464,カンタロスの斬羽[XX]
465,カンタロスの羽
466,漢方薬
467,骸棘殻
468,骸体殻
469,骸椎骨
470,骸頭骨
471,骸龍の鳥賊巨骨[XX]
472,骸龍の鳥賊骨
473,骸龍の恐口腕甲[XX]
474,骸龍の喰砕牙
475,骸龍の口腕甲
476,骸龍の残魄玉
477,骸龍の残魄秘玉[XX]
478,骸龍の青斑皮
479,骸龍の鮮青斑皮[XX]
480,ガウシカの重角[XX]
481,ガウシカの角
482,牙獣の大粒ナミダ
483,牙獣のナミダ
484,ガノスコイン
485,ガマの大粒ナミダ
486,ガマのナミダ
487,ガララコイン
488,ガルルガコイン[XX]
489,ガンキンコイン[XX]
490,丸鳥の特上羽[XX]
491,丸鳥の羽
492,岩竜の堅殻[XX]
493,岩竜の甲殻[XX]
494,岩竜の剛翼[XX]
495,岩竜の重殻[XX]
496,岩竜の重端材[XX]
497,岩竜の上端材[XX]
498,岩竜の翼[XX]
499,岩竜の天殻[XX]
500,岩竜の獰端材[XX]
501,岩竜の涙[XX]
502,ガーグァの金の卵
503,ガーグァの卵
504,ガーグァのフン
505,奇猿狐の大耳
506,奇猿狐の鉤爪
507,奇猿狐の毛
508,奇猿狐の堅長骨
509,奇猿狐の剛鉤爪[XX]
510,奇猿狐の豪剛毛[XX]
511,奇猿狐の剛毛
512,奇猿狐の尻尾
513,奇猿狐の地獄耳[XX]
514,奇猿狐の重長骨[XX]
515,奇猿狐の重端材[XX]
516,奇猿狐の上端材
517,奇猿狐の靭尾[XX]
518,奇猿狐の長骨
519,奇猿狐の獰端材[XX]
520,奇猿狐の耳
521,奇猿狐の猛端材
522,鬼人笛
523,鬼人薬
524,鬼人薬グレート
525,木の重端材[XX]
526,木の上端材
527,木の端材
528,希望の証
529,希望の証G
530,希望の証XX[XX]
531,奇面な仮面[XX]
532,強靭な牙獣髭[XX]
533,強靭な鳥竜皮[XX]
534,狂走エキス
535,強走薬
536,強走薬グレート
537,強燃石炭
538,恐暴竜の大牙
539,恐暴竜の鉤爪
540,恐暴竜の厚黒皮[XX]
541,恐暴竜の厚黒鱗[XX]
542,恐暴竜の黒皮
543,恐暴竜の黒鱗
544,恐暴竜の剛鉤爪[XX]
545,恐暴竜の尻尾
546,恐暴竜の重牙[XX]
547,恐暴竜の重端材[XX]
548,恐暴竜の重尾[XX]
549,恐暴竜の上端材
550,恐暴竜の唾液
551,恐暴竜の頭殻
552,恐暴竜の獰端材[XX]
553,恐暴竜の宝玉
554,恐暴竜の滅鱗[XX]
555,恐暴竜の猛端材
556,狂竜結晶
557,狂竜結晶の欠片
558,強竜骨[XX]
559,強力麻痺袋
560,巨獣の牙
561,巨獣の毛
562,巨獣の堅殻
563,巨獣の堅牙
564,巨獣の甲殻
565,巨獣の豪剛毛[XX]
566,巨獣の剛鼻棘[XX]
567,巨獣の剛毛
568,巨獣の重殻[XX]
569,巨獣の重牙[XX]
570,巨獣の重端材[XX]
571,巨獣の上端材
572,巨獣の赤毛
573,巨獣の天殻[XX]
574,巨獣の頭殻
575,巨獣の獰端材[XX]
576,巨獣の端材
577,巨獣の氷玉
578,巨獣の鼻棘
579,巨獣の猛端材
580,巨大なクチバシ
581,巨竜結晶[XX]
582,キラビートル
583,キリンの皮
584,キリンの剛蒼角[XX]
585,キリンの重端材[XX]
586,キリンの上端材
587,キリンの上皮
588,キリンの靭雷尾[XX]
589,キリンの蒼角
590,キリンのたてがみ
591,キリンの特上皮[XX]
592,キリンの端材
593,キリンの雷角
594,キリンの雷尾
595,キレアジ
596,きれいな腹袋
597,金火竜の堅殻
598,金火竜の厚鱗[XX]
599,金火竜の重殻[XX]
600,金火竜の上棘
601,金火竜の上鱗
602,金火竜の秘棘[XX]
603,キングサボテン
604,金獅子の鋭牙
605,金獅子の黒毛
606,黄金の煌毛[XX]
607,金獅子の黒荒毛[XX]
608,金獅子の剛角[XX]
609,金獅子の剛爪[XX]
610,金獅子の尻尾
611,金獅子の重牙[XX]
612,金獅子の重端材[XX]
613,金獅子の上端材
614,金獅子の尖角
615,金獅子の尖爪
616,金獅子の闘魂
617,金獅子の獰端材[XX]
618,金獅子の怒髪
619,金獅子の怒髪天[XX]
620,金獅子の猛端材
621,金の山菜組引換券
622,金のたまご
623,金雷公狩猟の証1
624,金雷公狩猟の証10
625,金雷公狩猟の証11[XX]
626,金雷公狩猟の証12[XX]
627,金雷公狩猟の証13[XX]
628,金雷公狩猟の証14[XX]
629,金雷公狩猟の証15[XX]
630,金雷公狩猟の証2
631,金雷公狩猟の証3
632,金雷公狩猟の証4
633,金雷公狩猟の証5
634,金雷公狩猟の証6
635,金雷公狩猟の証7
636,金雷公狩猟の証8
637,金雷公狩猟の証9
638,金雷公の堅殻
639,金雷公の甲殻
640,金雷公の高電毛
641,金雷公の極旋角[XX]
642,金雷公の真端材[XX]
643,金雷公の重殻[XX]
644,金雷公の旋角
645,金雷公の帯電毛
646,金雷公の大旋角
647,金雷公の天端材[XX]
648,金雷公の端材
649,金雷公の銘端材
650,金雷公の雷電毛[XX]
651,ギアノスの鱗
652,ギアノスの皮
653,ギアノスの厚鱗[XX]
654,ギアノスの重端材[XX]
655,ギアノスの上端材
656,ギアノスの上皮
657,ギアノスの上鱗
658,ギアノスの大厚皮[XX]
659,ギアノスの大剛爪[XX]
660,ギアノスの大上皮[XX]
661,ギアノスの大尖爪[XX]
662,逆転裁判傍聴券[XX]
663,玉座の輝石[XX]
664,魚竜のキモ
665,ギルドチケット
666,ギルドチケットG[XX]
667,銀色コオロギ
668,銀火竜の堅殻
669,銀火竜の厚鱗[XX]
670,銀火竜の尻尾
671,銀火竜の重殻[XX]
672,銀火竜の上鱗
673,銀火竜の靭尾[XX]
674,銀水晶のかけら[XX]
675,銀の山菜組引換券
676,銀のたまご
677,銀嶺狩猟の証1[XX]
678,銀嶺狩猟の証2[XX]
679,銀嶺狩猟の証3[XX]
680,銀嶺狩猟の証4[XX]
681,銀嶺狩猟の証5[XX]
682,銀嶺の剛毛[XX]
683,銀嶺の真端材[XX]
684,銀嶺の重殻[XX]
685,銀嶺の天端材[XX]
686,銀嶺の鼻棘[XX]
687,キングミート
688,久遠の化石
689,クタビレタケ
690,砕けた天角
691,朽ちた真紅の角
692,朽ちた龍鱗
693,首鳴竜の皮
694,首鳴竜の特上皮[XX]
695,クモの巣
696,狗竜の重端材[XX]
697,狗竜の上端材
698,狗竜の端材
699,黒いかけら
700,黒い塊
701,クロオビチケット
702,黒真珠
703,クローズコイン
704,クーラードリンク
705,クーラーミート
706,ぐでぐでとした卵
707,紅蓮石
708,グレートストーン
709,携帯シビレ罠
710,携帯食料
711,携帯砥石
712,穢れた竜鱗
713,毛皮の上端材
714,毛皮の重端材[XX]
715,毛皮の端材
716,ケチャコイン
717,血石
718,血戦の漆黒皮[XX]
719,けむり玉
720,ケルビの角
721,堅骸体殻
722,堅鎧玉
723,堅竜骨
724,堅牢な牙獣牙[XX]
725,堅牢な鳥竜骨[XX]
726,堅牢な骨
727,劇烈毒袋[XX]
728,げどく草
729,解毒笛
730,解毒薬
731,ゲネポスの鱗
732,ゲネポスの皮
733,ゲネポスの厚鱗[XX]
734,ゲネポスの重端材[XX]
735,ゲネポスの上端材
736,ゲネポスの上皮
737,ゲネポスの上鱗
738,ゲネポスの大尖牙
739,ゲネポスの大牙
740,ゲネポスの大皮
741,ゲネポスの大厚皮[XX]
742,ゲネポスの大剛牙[XX]
743,ゲネポスの大上皮
744,ゲネポスの端材
745,ゲリョスコイン
746,元気ドリンコ
747,減気の刃薬
748,減気ビン
749,厳選キノコ
750,幻鳥竜玉[XX]
751,ゲネポスの麻痺牙
752,高圧電甲
753,交易チケット
754,交易チケットG[XX]
755,煌炎の雫[XX]
756,硬化笛
757,硬化薬
758,硬化薬グレート
759,高級お食事券
760,高級なトサカ
761,煌黒龍の凶爪[XX]
762,煌黒龍の堅逆殻
763,煌黒龍の逆鱗
764,煌黒龍の尻尾
765,煌黒龍の邪翼[XX]
766,煌黒龍の重端材[XX]
767,煌黒龍の上端材
768,煌黒龍の尖爪
769,煌黒龍の天殻[XX]
770,煌黒龍の天鱗[XX]
771,煌黒龍の妖尾[XX]
772,煌黒龍の翼膜
773,鉱石の上端材
774,鉱石の重端材[XX]
775,鉱石の端材
776,高層エリンギ[XX]
777,絞蛇竜の延髄
778,絞蛇竜の皮
779,絞蛇竜の牙
780,絞蛇竜の堅殻
781,絞蛇竜の甲殻
782,絞蛇竜の厚皮[XX]
783,絞蛇竜の骨髄
784,絞蛇竜の重殻[XX]
785,絞蛇竜の重端材[XX]
786,絞蛇竜の重鳴甲[XX]
787,絞蛇竜の上端材
788,絞蛇竜の上皮
789,絞蛇竜の上鳴甲
790,絞蛇竜の獰端材[XX]
791,絞蛇竜の端材
792,絞蛇竜の鳴甲
793,絞蛇竜の猛端材
794,甲虫の大顎
795,甲虫の腹袋
796,皇帝バッタ[XX]
797,高密度の研精石[XX]
798,鋼龍の堅殻
799,鋼龍の甲殻
800,鋼龍の剛角[XX]
801,鋼龍の剛爪[XX]
802,鋼龍の剛翼[XX]
803,鋼龍の尻尾
804,鋼龍の重殻[XX]
805,鋼龍の重端材[XX]
806,鋼龍の上端材
807,鋼龍の靭尾[XX]
808,鋼龍の尖角
809,鋼龍の尖爪
810,鋼龍の角
811,鋼龍の爪
812,鋼龍の端材
813,鋼龍の宝玉
814,鋼龍の翼膜
815,氷の蜜餌
816,小金魚
817,黒炎王狩猟の証1
818,黒炎王狩猟の証10
819,黒炎王狩猟の証11[XX]
820,黒炎王狩猟の証12[XX]
821,黒炎王狩猟の証13[XX]
822,黒炎王狩猟の証14[XX]
823,黒炎王狩猟の証15[XX]
824,黒炎王狩猟の証2
825,黒炎王狩猟の証3
826,黒炎王狩猟の証4
827,黒炎王狩猟の証5
828,黒炎王狩猟の証6
829,黒炎王狩猟の証7
830,黒炎王狩猟の証8
831,黒炎王狩猟の証9
832,黒炎王の鱗
833,黒炎王の堅殻
834,黒炎王の甲殻
835,黒炎王の厚鱗[XX]
836,黒炎王の真端材[XX]
837,黒炎王の重殻[XX]
838,黒炎王の上鱗
839,黒炎王の天端材[XX]
840,黒炎王の端材
841,黒蝕竜の闇玉
842,黒蝕竜の暗黒翼[XX]
843,黒蝕竜の暗翼
844,黒蝕竜の鱗
845,黒蝕竜の鋭惨爪
846,黒蝕竜の堅殻
847,黒蝕竜の逆鱗
848,黒蝕竜の甲殻
849,黒蝕竜の厚鱗[XX]
850,黒蝕竜の剛惨爪[XX]
851,黒蝕竜の剛触角[XX]
852,黒蝕竜の惨爪
853,黒蝕竜の尻尾
854,黒蝕竜の触角
855,黒蝕竜の重殻[XX]
856,黒蝕竜の重端材[XX]
857,黒蝕竜の上暗翼
858,黒蝕竜の上端材
859,黒蝕竜の上鱗
860,黒蝕竜の靭尾[XX]
861,黒蝕竜の尖触角
862,黒蝕竜の天鱗[XX]
863,黒蝕竜の獰端材[XX]
864,黒蝕竜の端材
865,黒蝕竜の猛端材
866,黒龍の鱗[XX]
867,黒龍の紅焔角[XX]
868,黒龍の紅焔殻[XX]
869,黒龍の紅焔翼[XX]
870,黒龍の紅焔鱗[XX]
871,黒龍の紅角[XX]
872,黒龍の紅殻[XX]
873,黒龍の甲殻[XX]
874,黒龍の紅翼[XX]
875,黒龍の厚鱗[XX]
876,黒龍の紅鱗[XX]
877,黒龍の剛角[XX]
878,黒龍の剛翼[XX]
879,黒龍の邪眼[XX]
880,黒龍の重殻[XX]
881,黒龍の重端材[XX]
882,黒龍の角[XX]
883,黒龍の紅重端材[XX]
884,黒龍の魔眼[XX]
885,黒龍の魔神眼[XX]
886,黒龍の眼[XX]
887,黒龍の翼膜[XX]
888,黒狼鳥の鱗
889,黒狼鳥の銀狼毛[XX]
890,黒狼鳥の堅殻
891,黒狼鳥の甲殻
892,黒狼鳥の厚鱗[XX]
893,黒狼鳥の剛翼[XX]
894,黒狼鳥の尻尾
895,黒狼鳥の地獄耳
896,黒狼鳥の重殻[XX]
897,黒狼鳥の重端材[XX]
898,黒狼鳥の上端材
899,黒狼鳥の上鱗
900,黒狼鳥の靭尾[XX]
901,黒狼鳥のたてがみ
902,黒狼鳥の翼
903,黒狼鳥の獰端材[XX]
904,黒狼鳥の端材
905,黒狼鳥の耳
906,黒狼鳥の猛端材
907,コゲ肉
908,ココットチケット
909,ココットチケットG[XX]
910,コシカケダケ
911,古代木の実
912,古代魚
913,古代鮫の皮
914,琥珀色の鋭牙[XX]
915,琥珀色の重牙[XX]
916,こやし玉
917,古龍の浄血
918,古龍の浄濃血[XX]
919,古龍の大宝玉[XX]
920,古龍の血
921,古龍骨
922,コロコロチケット
923,強面な大頭骨[XX]
924,コンガの剛毛[XX]
925,コンガの豪剛毛[XX]
926,こんがり魚
927,こんがり肉
928,金剛魚[XX]
929,金剛原珠[XX]
930,金色の絲[XX]
931,昏睡袋
932,魂石
933,混濁した欠片[XX]
934,混沌茸
935,渾沌の重端材[XX]
936,渾沌の竜鱗[XX]
937,豪アキンドングリ[XX]
938,豪華な遺物
939,剛骸棘殻[XX]
940,轟竜のアギト
941,轟竜の鱗
942,轟竜の鋭牙
943,轟竜の牙
944,轟竜の堅殻
945,轟竜の甲殻
946,轟竜の厚鱗[XX]
947,轟竜の剛爪[XX]
948,轟竜の尻尾[XX]
949,轟竜の重殻[XX]
950,轟竜の重牙[XX]
951,轟竜の重端材[XX]
952,轟竜の上端材
953,轟竜の上鱗
954,轟竜の靭尾[XX]
955,轟竜の尖爪
956,轟竜の爪
957,轟竜の天鱗[XX]
958,轟竜の頭殻
959,轟竜の獰端材[XX]
960,轟竜の端材
961,轟竜の猛端材
962,極悪な牙[XX]
963,獄炎石
964,獄炎の厚龍鱗[XX]
965,獄炎の龍鱗
966,極彩色の毛[XX]
967,極彩色の豪剛毛[XX]
968,極彩色の体液
969,極彩色のトサカ[XX]
970,極上黒真珠[XX]
971,極上ザザミソ
972,極上の毛皮[XX]
973,極上ヤド真珠
974,ゴッドカブト
975,ゴム質の皮
976,ゴム質の上皮
977,ゴム質の特上皮[XX]
978,才覚の証[XX]
979,砕氷の蜜餌
980,砕竜の堅殻
981,砕竜の堅黒曜甲
982,砕竜の撃滅拳[XX]
983,砕竜の甲殻
984,砕竜の黒曜甲
985,砕竜の骨髄
986,砕竜の拳
987,砕竜の剛拳
988,砕竜の剛鉄拳[XX]
989,砕竜の尻尾
990,砕竜の重殻[XX]
991,砕竜の重黒曜甲[XX]
992,砕竜の重頭殻[XX]
993,砕竜の重端材[XX]
994,砕竜の上端材
995,砕竜の靭尾[XX]
996,砕竜の尖頭殻
997,砕竜の弾頭殻[XX]
998,砕竜の天殻[XX]
999,砕竜の頭殻
1000,砕竜の獰端材[XX]
1001,砕竜の端材
1002,砕竜の宝玉
1003,砕竜の猛端材
1004,酒場チケット[XX]
1005,サシミウオ
1006,サシミダンゴ
1007,さびた塊
1008,さびた破片
1009,寒気立つクチバシ
1010,サムスコイン
1011,鮫肌の鱗
1012,砂竜の鱗
1013,砂竜の鋭牙
1014,砂竜の牙
1015,砂竜の厚鱗[XX]
1016,砂竜の紫鱗[XX]
1017,砂竜の重牙[XX]
1018,砂竜の重端材[XX]
1019,砂竜の上端材
1020,砂竜の上ヒレ
1021,砂竜の上鱗
1022,砂竜の特上ヒレ[XX]
1023,砂竜の端材
1024,砂竜のヒレ
1025,砂竜の桃ヒレ[XX]
1026,山菜組引換券
1027,山菜組引換券G
1028,サンマージ結晶[XX]
1029,ザザミソ
1030,ザルバのかけら[XX]
1031,斬竜の鱗
1032,斬竜の鋭牙
1033,斬竜の炎玉
1034,斬竜の炎状殻
1035,斬竜の焔状殻
1036,斬竜の牙
1037,斬竜の堅殻
1038,斬竜の逆鱗
1039,斬竜の甲殻
1040,斬竜の厚鱗[XX]
1041,斬竜の獄炎状殻[XX]
1042,斬竜の断剣尾[XX]
1043,斬竜の尻尾
1044,斬竜の重殻[XX]
1045,斬竜の重牙[XX]
1046,斬竜の重端材[XX]
1047,斬竜の上端材
1048,斬竜の上鱗
1049,斬竜の天鱗[XX]
1050,斬竜の獰端材[XX]
1051,斬竜の端材
1052,斬竜の尾刃片
1053,斬竜の猛端材
1054,支援機械[XX]
1055,支給専用落とし穴
1056,支給専用音爆弾
1057,支給専用閃光玉
1058,支給専用秘薬
1059,支給用大タル爆弾
1060,紫毒姫狩猟の証1
1061,紫毒姫狩猟の証10
1062,紫毒姫狩猟の証11[XX]
1063,紫毒姫狩猟の証12[XX]
1064,紫毒姫狩猟の証13[XX]
1065,紫毒姫狩猟の証14[XX]
1066,紫毒姫狩猟の証15[XX]
1067,紫毒姫狩猟の証2
1068,紫毒姫狩猟の証3
1069,紫毒姫狩猟の証4
1070,紫毒姫狩猟の証5
1071,紫毒姫狩猟の証6
1072,紫毒姫狩猟の証7
1073,紫毒姫狩猟の証8
1074,紫毒姫狩猟の証9
1075,紫毒姫の鱗
1076,紫毒姫の堅殻
1077,紫毒姫の甲殻
1078,紫毒姫の厚鱗[XX]
1079,紫毒姫の真端材[XX]
1080,紫毒姫の重殻[XX]
1081,紫毒姫の上鱗
1082,紫毒姫の天端材[XX]
1083,紫毒姫の端材
1084,紫毒姫の銘端材
1085,シビレ生肉
1086,シビレ罠
1087,縞模様の皮
1088,縞模様の特上皮[XX]
1089,霜降りのコブ[XX]
1090,しゃけのきりみ
1091,収納上手・力の書
1092,収納上手・技の書
1093,修羅原珠
1094,瞬間凍結袋[XX]
1095,消散剤
1096,消臭玉
1097,小タル
1098,小タル爆弾
1099,小タル爆弾G
1100,少年探偵団の証[XX]
1101,蝕龍蟲
1102,白疾風狩猟の証1
1103,白疾風狩猟の証10
1104,白疾風狩猟の証11[XX]
1105,白疾風狩猟の証12[XX]
1106,白疾風狩猟の証13[XX]
1107,白疾風狩猟の証14[XX]
1108,白疾風狩猟の証15[XX]
1109,白疾風狩猟の証2
1110,白疾風狩猟の証3
1111,白疾風狩猟の証4
1112,白疾風狩猟の証5
1113,白疾風狩猟の証6
1114,白疾風狩猟の証7
1115,白疾風狩猟の証8
1116,白疾風狩猟の証9
1117,白疾風の鱗
1118,白疾風の厚鱗[XX]
1119,白疾風の黒毛
1120,白疾風の豪黒毛[XX]
1121,白疾風の真端材[XX]
1122,白疾風の上黒毛
1123,白疾風の上鱗
1124,白疾風の天端材[XX]
1125,白疾風の端材
1126,白疾風の銘端材
1127,心眼の刃薬
1128,真紅蓮石[XX]
1129,深血石
1130,真珠色の艶皮[XX]
1131,真珠色の重端材[XX]
1132,真珠色の柔皮
1133,真珠色の上端材
1134,真珠色の獰端材[XX]
1135,真珠色の猛端材
1136,深睡蓮の塊根
1137,深睡蓮の根
1138,深層シメジ
1139,シンドイワシ
1140,真鎧玉[XX]
1141,自転車部入部届
1142,ジャギィの鱗
1143,ジャギィの皮
1144,ジャギィの厚皮[XX]
1145,ジャギィの厚鱗[XX]
1146,ジャギィの上鱗
1147,重骸体殻[XX]
1148,重骸椎骨[XX]
1149,重骸頭骨[XX]
1150,重撃の刃薬
1151,重甲エキス
1152,重甲虫の鋭爪
1153,重甲虫の円月尾
1154,重甲虫の大顎
1155,重甲虫の胸殻
1156,重甲虫の堅殻
1157,重甲虫の堅胸殻
1158,重甲虫の甲殻
1159,重甲虫の剛爪[XX]
1160,重甲虫の重殻[XX]
1161,重甲虫の重顎[XX]
1162,重甲虫の重胸殻[XX]
1163,重甲虫の重端材[XX]
1164,重甲虫の上端材
1165,重甲虫の断月尾[XX]
1166,重甲虫の爪
1167,重甲虫の獰端材[XX]
1168,重甲虫の猛端材
1169,重厚な牙[XX]
1170,重厚な骨[XX]
1171,獣骨
1172,柔軟な厚皮[XX]
1173,重の上成長餌
1174,重の成長餌
1175,重の特上成長餌
1176,重鎧玉
1177,重竜骨[XX]
1178,重竜頭殻[XX]
1179,熟成キノコ
1180,純白の龍鱗
1181,上質な毛皮
1182,上質な鳥竜骨
1183,上質なねじれた角[XX]
1184,上質な腹袋
1185,上質なヒレ
1186,上鎧玉
1187,上竜骨
1188,女王のフェロモン
1189,燼滅刃狩猟の証1
1190,燼滅刃狩猟の証10
1191,燼滅刃狩猟の証11[XX]
1192,燼滅刃狩猟の証12[XX]
1193,燼滅刃狩猟の証13[XX]
1194,燼滅刃狩猟の証14[XX]
1195,燼滅刃狩猟の証15[XX]
1196,燼滅刃狩猟の証2
1197,燼滅刃狩猟の証3
1198,燼滅刃狩猟の証4
1199,燼滅刃狩猟の証5
1200,燼滅刃狩猟の証6
1201,燼滅刃狩猟の証7
1202,燼滅刃狩猟の証8
1203,燼滅刃狩猟の証9
1204,燼滅刃の鱗
1205,燼滅刃の堅殻
1206,燼滅刃の甲殻
1207,燼滅刃の厚鱗[XX]
1208,燼滅刃の真端材[XX]
1209,燼滅刃の重殻[XX]
1210,燼滅刃の上鱗
1211,燼滅刃の塵粉
1212,燼滅刃の天端材[XX]
1213,燼滅刃の端材
1214,燼滅刃の銘端材
1215,迅竜の鱗
1216,迅竜の鋭牙
1217,迅竜の鋭刃翼
1218,迅竜の延髄
1219,迅竜の牙
1220,迅竜の黒毛
1221,迅竜の厚鱗[XX]
1222,迅竜の骨髄
1223,迅竜の豪黒毛[XX]
1224,迅竜の剛刃翼[XX]
1225,迅竜の尻尾
1226,迅竜の重牙[XX]
1227,迅竜の重端材[XX]
1228,迅竜の重尾棘[XX]
1229,迅竜の上黒毛
1230,迅竜の上端材
1231,迅竜の上鱗
1232,迅竜の靭尾[XX]
1233,迅竜の刃翼
1234,迅竜の天鱗[XX]
1235,迅竜の獰端材[XX]
1236,迅竜の端材
1237,迅竜の尾棘
1238,迅竜の猛端材
1239,じーさんコイン
1240,水光原珠
1241,水獣の鱗
1242,水獣の鋭爪
1243,水獣の厚鱗[XX]
1244,水獣の尻尾
1245,水獣の重端材[XX]
1246,水獣の上端材
1247,水獣の上鱗
1248,水獣の靭尾[XX]
1249,水獣の爪
1250,水獣のトサカ
1251,水獣の獰端材[XX]
1252,水獣の端材
1253,水獣の猛端材
1254,水生獣の皮
1255,水生獣の厚皮[XX]
1256,水生獣の上皮
1257,垂皮油[XX]
1258,垂皮竜の皮
1259,垂皮竜の上端材
1260,垂皮竜の上皮
1261,睡眠ビン
1262,睡眠袋
1263,水竜の鋭牙
1264,水竜のお頭
1265,水竜の厚鱗[XX]
1266,水竜の剛翼膜[XX]
1267,水竜の重牙[XX]
1268,水竜の重端材[XX]
1269,水竜の上端材
1270,水竜の上ヒレ
1271,水竜の上鱗
1272,水竜の絶品お頭[XX]
1273,水竜の特上ヒレ[XX]
1274,水竜の獰端材[XX]
1275,水竜の猛端材
1276,水竜の翼膜
1277,水冷弾
1278,スタジオXパス
1279,スタジオNパス[XX]
1280,スタジオOパス[XX]
1281,スタジオGパス
1282,スタジオWパス
1283,スタジオXXパス[XX]
1284,スタジオパス
1285,スタジオUパス[XX]
1286,スーパーキノコ
1287,青電主狩猟の証1[XX]
1288,青電主狩猟の証2[XX]
1289,青電主狩猟の証3[XX]
1290,青電主狩猟の証4[XX]
1291,青電主狩猟の証5[XX]
1292,青電主の厚鱗[XX]
1293,青電主の真端材[XX]
1294,青電主の重棘殻[XX]
1295,青電主の天端材[XX]
1296,青電主の放電棘[XX]
1297,生命の粉
1298,生命の大粉塵[XX]
1299,生命の粉塵
1300,青熊獣の毛
1301,青熊獣の堅殻
1302,青熊獣の堅腕甲
1303,青熊獣の甲殻
1304,青熊獣の豪剛毛[XX]
1305,青熊獣の剛毛
1306,青熊獣の重殻[XX]
1307,青熊獣の重端材[XX]
1308,青熊獣の重腕甲[XX]
1309,青熊獣の上端材
1310,青熊獣の端材
1311,青熊獣の腕甲
1312,隻眼狩猟の証1
1313,隻眼狩猟の証10
1314,隻眼狩猟の証11[XX]
1315,隻眼狩猟の証12[XX]
1316,隻眼狩猟の証13[XX]
1317,隻眼狩猟の証14[XX]
1318,隻眼狩猟の証15[XX]
1319,隻眼狩猟の証2
1320,隻眼狩猟の証3
1321,隻眼狩猟の証4
1322,隻眼狩猟の証5
1323,隻眼狩猟の証6
1324,隻眼狩猟の証7
1325,隻眼狩猟の証8
1326,隻眼狩猟の証9
1327,隻眼の鱗
1328,隻眼の堅殻
1329,隻眼の甲殻
1330,隻眼の厚鱗[XX]
1331,隻眼の真端材[XX]
1332,隻眼の重殻[XX]
1333,隻眼の上鱗
1334,隻眼の天端材[XX]
1335,隻眼の端材
1336,隻眼の銘端材
1337,赤甲獣の堅殻
1338,赤甲獣の甲殻
1339,赤甲獣の剛爪[XX]
1340,赤甲獣の蛇腹甲
1341,赤甲獣の重殻[XX]
1342,赤甲獣の重端材[XX]
1343,赤甲獣の上端材
1344,赤甲獣の尖爪
1345,赤甲獣の大蛇腹甲[XX]
1346,赤甲獣の爪
1347,赤甲獣の端材
1348,赤熱した火炎嚢
1349,赤熱した堅胸殻
1350,赤熱した紅焔嚢
1351,赤熱した重胸殻[XX]
1352,赤熱した熔炉嚢[XX]
1353,セッチャクロアリ
1354,接撃ビン
1355,雪甲塊
1356,雪甲巨塊[XX]
1357,雪甲大塊
1358,セラミカルチタン
1359,尖骸棘殻
1360,閃光玉
1361,潜口竜の獰端材[XX]
1362,潜口竜の猛端材
1363,潜口竜の皮
1364,潜口竜の堅殻
1365,潜口竜の甲殻
1366,潜口竜の厚皮[XX]
1367,潜口竜の剛爪[XX]
1368,潜口竜の重殻[XX]
1369,潜口竜の重頭殻[XX]
1370,潜口竜の重端材[XX]
1371,潜口竜の上端材
1372,潜口竜の上皮
1373,潜口竜の尖爪
1374,潜口竜の爪
1375,潜口竜の頭殻
1376,潜口竜の端材
1377,千刃竜の鋭刃鱗
1378,千刃竜の鏡玉[XX]
1379,千刃竜の刻爪
1380,千刃竜の斬刃鱗[XX]
1381,千刃竜の斬翼爪[XX]
1382,千刃竜の重端材[XX]
1383,千刃竜の上端材
1384,千刃竜の刃鱗
1385,千刃竜の尖翼爪
1386,千刃竜の絶槍尾[XX]
1387,千刃竜の槍尾
1388,千刃竜の断刀角
1389,千刃竜の爪
1390,千刃竜の刀角
1391,千刃竜の獰端材[XX]
1392,千刃竜の端材
1393,千刃竜の破刃[XX]
1394,千刃竜の反逆鱗
1395,千刃竜の伐刀角
1396,千刃竜の飛刃
1397,千刃竜の飛刃片
1398,千刃竜の猛端材
1399,千刃竜の翼爪
1400,千刃竜の閃裂爪[XX]
1401,尖鎧玉
1402,千里眼の薬
1403,尖竜骨
1404,絶雷の蜜餌
1405,ゼルダチケット[XX]
1406,ゼルダチケットN[XX]
1407,ゼルダチケットG[XX]
1408,双眼鏡
1409,相克の変異角[XX]
1410,草食竜の堅殻
1411,草食竜の甲殻
1412,草食竜の重端材[XX]
1413,草食竜の上端材
1414,草食竜の卵
1415,草食竜の大重骨[XX]
1416,草食竜の頭殻
1417,草食竜の端材
1418,速の上成長餌
1419,速の成長餌
1420,速の特上成長餌
1421,素材玉
1422,卒倒昏睡袋[XX]
1423,素朴な重端材[XX]
1424,素朴な上端材
1425,素朴な端材
1426,祖龍の厚白鱗[XX]
1427,祖龍の剛角[XX]
1428,祖龍の剛翼[XX]
1429,祖龍の重殻[XX]
1430,祖龍の重端材[XX]
1431,祖龍の霊眼[XX]
1432,増強剤
1433,対巨龍爆弾
1434,太古の塊
1435,太古の注連縄[XX]
1436,太古の破片
1437,太古龍骨[XX]
1438,タイ捨流奥義書[XX]
1439,大砲の玉
1440,宝纏狩猟の証1
1441,宝纏狩猟の証10
1442,宝纏狩猟の証11[XX]
1443,宝纏狩猟の証12[XX]
1444,宝纏狩猟の証13[XX]
1445,宝纏狩猟の証14[XX]
1446,宝纏狩猟の証15[XX]
1447,宝纏狩猟の証2
1448,宝纏狩猟の証3
1449,宝纏狩猟の証4
1450,宝纏狩猟の証5
1451,宝纏狩猟の証6
1452,宝纏狩猟の証7
1453,宝纏狩猟の証8
1454,宝纏狩猟の証9
1455,宝纏の鱗
1456,宝纏の財宝顎
1457,宝纏の真端材[XX]
1458,宝纏の上鱗
1459,宝纏の天端材[XX]
1460,宝纏の端材
1461,宝纏の秘宝顎[XX]
1462,宝纏の宝顎
1463,宝纏の銘端材
1464,タツジンチケット
1465,タツジンチケットG[XX]
1466,盾蟹の堅殻
1467,盾蟹の甲殻
1468,盾蟹の小殻
1469,盾蟹の剛爪[XX]
1470,盾蟹の極小殻[XX]
1471,盾蟹の重殻[XX]
1472,盾蟹の重端材[XX]
1473,盾蟹の上端材
1474,盾蟹の尖爪
1475,盾蟹の爪
1476,盾蟹の獰端材[XX]
1477,盾蟹の端材
1478,盾蟹の猛端材
1479,盾虫の堅殻
1480,盾虫の甲殻
1481,盾虫の重殻[XX]
1482,タルの蓋
1483,タル用特製木材[XX]
1484,タンジアチップス
1485,大アキンドングリ
1486,大海賊Jチケット[XX]
1487,大地の結晶
1488,大地を穿つ剛角[XX]
1489,大竜玉[XX]
1490,大竜結晶
1491,大龍神カズラ[XX]
1492,断水の蜜餌
1493,ダンボール
1494,ちいさな研精石[XX]
1495,地下闘技場入場券
1496,力の護符
1497,力の上成長餌
1498,力の成長餌
1499,力の爪
1500,力の特上成長餌
1501,地図
1502,跳狗竜の鱗
1503,跳狗竜の厚鱗[XX]
1504,跳狗竜の重端材[XX]
1505,跳狗竜の重尾棘[XX]
1506,跳狗竜の上赤皮
1507,跳狗竜の上端材
1508,跳狗竜の上鱗
1509,跳狗竜の赤皮
1510,跳狗竜の大赤皮[XX]
1511,跳狗竜の端材
1512,跳狗竜の尾棘
1513,超ぐでっとした卵[XX]
1514,超高圧電甲[XX]
1515,超豪華な遺物
1516,調合書①入門編
1517,調合書②初級編
1518,調合書③中級編
1519,調合書④上級編
1520,調合書⑤達人編
1521,超絶豪華な遺物[XX]
1522,超電雷光虫
1523,超特訓の奥義書[XX]
1524,超特訓の指南書
1525,超特訓の秘伝書
1526,超養虫エキス
1527,鳥竜玉
1528,鳥竜種の牙
1529,鎮火の蜜餌
1530,ツタの葉
1531,ツチハチノコ
1532,角笛
1533,ツラヌキの実
1534,釣りカエル
1535,釣りフィーバエ
1536,釣りミミズ
1537,鉄鉱石
1538,徹甲虫の堅殻
1539,徹甲虫の剛角[XX]
1540,徹甲虫の薄羽
1541,徹甲虫の斬羽[XX]
1542,徹甲虫の重殻[XX]
1543,天廻龍の鱗
1544,天廻龍の鋭浄爪
1545,天廻龍の堅殻
1546,天廻龍の逆鱗
1547,天廻龍の甲殻
1548,天廻龍の光玉
1549,天廻龍の光虹翼[XX]
1550,天廻龍の虹翼
1551,天廻龍の厚鱗[XX]
1552,天廻龍の剛角[XX]
1553,天廻龍の剛浄爪[XX]
1554,天廻龍の尻尾
1555,天廻龍の重殻[XX]
1556,天廻龍の重端材[XX]
1557,天廻龍の上虹翼
1558,天廻龍の浄爪
1559,天廻龍の上端材
1560,天廻龍の上鱗
1561,天廻龍の靭尾[XX]
1562,天廻龍の尖角
1563,天廻龍の角
1564,天廻龍の天鱗[XX]
1565,天廻龍の端材
1566,天空の龍玉
1567,天空の龍神玉[XX]
1568,天眼狩猟の証1[XX]
1569,天眼狩猟の証2[XX]
1570,天眼狩猟の証3[XX]
1571,天眼狩猟の証4[XX]
1572,天眼狩猟の証5[XX]
1573,天眼の厚鱗[XX]
1574,天眼の紫剛毛[XX]
1575,天眼の尻尾[XX]
1576,天眼の真端材[XX]
1577,天眼の天端材[XX]
1578,天彗龍の堅殻[XX]
1579,天彗龍の撃槍翼[XX]
1580,天彗龍の厚鱗[XX]
1581,天彗龍の剛爪[XX]
1582,天彗龍の尻尾[XX]
1583,天彗龍の重殻[XX]
1584,天彗龍の重端材[XX]
1585,天彗龍の上端材[XX]
1586,天彗龍の上鱗[XX]
1587,天彗龍の尖爪[XX]
1588,天彗龍の旋尾[XX]
1589,天彗龍の槍翼[XX]
1590,天彗龍の大背尖甲[XX]
1591,天彗龍の背尖甲[XX]
1592,天道絵巻物[XX]
1593,天の山菜組引換券[XX]
1594,天を統べる角[XX]
1595,天をつらぬく角
1596,デザインパレット
1597,電気袋
1598,デンゲキXX券[XX]
1599,電撃弾
1600,デンゲキチケット
1601,電撃袋
1602,デンセツチケット
1603,デンセツチケットG[XX]
1604,電竜の鱗
1605,電竜の鋭翼爪
1606,電竜の冠甲
1607,電竜の鋏刃尾[XX]
1608,電竜の鋏尾
1609,電竜の棘殻
1610,電竜の堅冠甲
1611,電竜の堅棘殻
1612,電竜の逆鱗
1613,電竜の高電膜
1614,電竜の厚鱗[XX]
1615,電竜の剛翼爪[XX]
1616,電竜の重冠甲[XX]
1617,電竜の重棘殻[XX]
1618,電竜の重端材[XX]
1619,電竜の上端材
1620,電竜の上鱗
1621,電竜の帯電殻
1622,電竜の帯電膜
1623,電竜の超電膜[XX]
1624,電竜の天鱗[XX]
1625,電竜の獰端材[XX]
1626,電竜の端材
1627,電竜の猛端材
1628,電竜の翼爪
1629,電竜の雷玉
1630,砥石
1631,トウガラシ
1632,凍結袋
1633,とがった牙
1634,尖ったクチバシ
1635,とがった爪
1636,特産キノコ
1637,特産キノコキムチ
1638,特産ゼンマイ
1639,特産タケノコ
1640,特上な腹袋[XX]
1641,特選アルビノ[XX]
1642,特大水袋[XX]
1643,特濃重甲エキス[XX]
1644,トマトジュース
1645,トライフォース
1646,トラップツール
1647,トロサシミウオ
1648,トンガリドングリ
1649,獰猛化エキス
1650,獰猛化炎戈竜殻
1651,獰猛化炎戈竜重殻[XX]
1652,獰猛化鬼蛙厚鱗[XX]
1653,獰猛化鬼蛙鱗
1654,獰猛化怪鳥厚鱗[XX]
1655,獰猛化怪鳥鱗
1656,獰猛化海竜厚皮[XX]
1657,獰猛化海竜皮
1658,獰猛化角竜重殻[XX]
1659,獰猛化影蜘蛛重殻[XX]
1660,獰猛化鎌蟹殻
1661,獰猛化鎌蟹重殻[XX]
1662,獰猛化火竜厚鱗[XX]
1663,獰猛化火竜鱗
1664,獰猛化岩竜重殻[XX]
1665,獰猛化奇猿狐剛毛[XX]
1666,獰猛化奇猿狐毛
1667,獰猛化恐暴竜厚鱗[XX]
1668,獰猛化恐暴竜鱗
1669,獰猛化巨獣剛毛[XX]
1670,獰猛化巨獣毛
1671,獰猛化金火竜厚鱗[XX]
1672,獰猛化金火竜鱗
1673,獰猛化金獅子剛毛[XX]
1674,獰猛化金獅子毛
1675,獰猛化銀火竜厚鱗[XX]
1676,獰猛化轟竜厚鱗[XX]
1677,獰猛化銀火竜鱗
1678,獰猛化絞蛇竜殻
1679,獰猛化絞蛇竜重殻[XX]
1680,獰猛化黒蝕竜厚鱗[XX]
1681,獰猛化黒蝕竜鱗
1682,獰猛化黒狼鳥鱗
1683,獰猛な業炎袋[XX]
1684,獰猛化轟竜鱗
1685,獰猛化砕竜殻
1686,獰猛化砕竜重殻[XX]
1687,獰猛化斬竜厚鱗[XX]
1688,獰猛化斬竜鱗
1689,獰猛化狩猟の証Ⅰ
1690,獰猛化狩猟の証Ⅱ
1691,獰猛化狩猟の証Ⅲ
1692,獰猛化狩猟の証Ⅳ[XX]
1693,獰猛化狩猟の証Ⅴ[XX]
1694,獰猛化狩猟の証Ⅵ[XX]
1695,獰猛化白柔皮
1696,獰猛化重甲虫殻
1697,獰猛化重甲虫重殻[XX]
1698,獰猛化迅竜厚鱗[XX]
1699,獰猛化迅竜鱗
1700,獰猛化水獣鱗
1701,獰猛化水獣厚鱗[XX]
1702,獰猛化水竜厚鱗[XX]
1703,獰猛化水竜鱗
1704,獰猛化潜口竜殻
1705,獰猛化潜口竜重殻[XX]
1706,獰猛化千刃竜斬鱗[XX]
1707,獰猛化千刃竜鱗
1708,獰猛化盾蟹殻
1709,獰猛化盾蟹重殻[XX]
1710,獰猛化電竜厚鱗[XX]
1711,獰猛化電竜鱗
1712,獰猛化毒怪鳥特皮[XX]
1713,獰猛化毒怪鳥皮
1714,獰猛化土砂竜重殻[XX]
1715,獰猛化濃縮エキス[XX]
1716,獰猛化白柔艶皮[XX]
1717,獰猛化爆鎚竜厚鱗[XX]
1718,獰猛化爆鎚竜鱗
1719,獰猛化化け鮫厚皮[XX]
1720,獰猛化化け鮫皮
1721,獰猛化氷牙竜厚皮[XX]
1722,獰猛化尾槌竜殻
1723,獰猛化尾槌竜重殻[XX]
1724,獰猛化泡狐竜厚鱗[XX]
1725,獰猛化泡狐竜鱗
1726,獰猛化雌火竜厚鱗[XX]
1727,獰猛化雌火竜鱗
1728,獰猛化桃毛獣剛毛[XX]
1729,獰猛化夜鳥特上羽[XX]
1730,獰猛化夜鳥羽
1731,獰猛化雪獅子剛毛[XX]
1732,獰猛化雪獅子毛
1733,獰猛化溶岩竜厚鱗[XX]
1734,獰猛化溶岩竜鱗
1735,獰猛化鎧竜重殻[XX]
1736,獰猛化雷狼竜殻
1737,獰猛化雷狼竜重殻[XX]
1738,獰猛な鋭牙
1739,獰猛な炎鱗
1740,獰猛な火炎袋
1741,獰猛な牙
1742,獰猛な強睡眠毒液[XX]
1743,獰猛な強毒液[XX]
1744,獰猛な強麻痺毒液[XX]
1745,獰猛な強竜骨[XX]
1746,獰猛な昏睡袋[XX]
1747,獰猛な剛角[XX]
1748,獰猛な獄炎鱗[XX]
1749,獰猛な蝕龍厚鱗[XX]
1750,獰猛な蝕龍鱗
1751,獰猛な重鋭牙[XX]
1752,獰猛な重牙[XX]
1753,獰猛な重剛牙[XX]
1754,獰猛な重剛爪[XX]
1755,獰猛な重尖爪[XX]
1756,獰猛な重爪[XX]
1757,獰猛な重竜骨[XX]
1758,獰猛な睡眠毒液
1759,獰猛な睡眠袋
1760,獰猛な尖角
1761,獰猛な尖爪
1762,獰猛な体液
1763,獰猛な帯電殻
1764,獰猛な帯電重殻[XX]
1765,獰猛な帯電毛
1766,獰猛な大氷塊[XX]
1767,獰猛な爪
1768,獰猛な電気袋
1769,獰猛な特大水袋[XX]
1770,獰猛な獰端材[XX]
1771,獰猛な獰猛端材[XX]
1772,獰猛な毒液
1773,獰猛な端材
1774,獰猛な爆液
1775,獰猛な爆縮液[XX]
1776,獰猛な氷塊
1777,獰猛な麻痺毒液
1778,獰猛な水袋
1779,獰猛な猛端材
1780,獰猛な雷電毛[XX]
1781,獰猛な雷電袋[XX]
1782,獰猛な竜骨
1783,獰猛な濃体液[XX]
1784,ドキドキノコ
1785,毒怪鳥の頭
1786,毒怪鳥の石頭[XX]
1787,毒怪鳥の厚翼膜[XX]
1788,毒怪鳥の重端材[XX]
1789,毒怪鳥の上端材
1790,毒怪鳥の翼
1791,毒怪鳥の獰端材[XX]
1792,毒怪鳥の端材
1793,毒怪鳥の猛端材
1794,毒怪鳥の翼膜
1795,毒クモリ
1796,毒けむり玉
1797,毒テングダケ
1798,毒投げナイフ
1799,毒生肉
1800,毒ビン
1801,毒袋
1802,土砂竜の鋭爪[XX]
1803,土砂竜の堅殻[XX]
1804,土砂竜の堅甲[XX]
1805,土砂竜の剛爪[XX]
1806,土砂竜の尻尾[XX]
1807,土砂竜の重殻[XX]
1808,土砂竜の重甲[XX]
1809,土砂竜の重頭殻[XX]
1810,土砂竜の重端材[XX]
1811,土砂竜の上端材[XX]
1812,土砂竜の靭尾[XX]
1813,土砂竜の頭殻[XX]
1814,土砂竜の獰端材[XX]
1815,ドスイーオスの頭
1816,ドス大食いマグロ
1817,ドスギアノスの頭[XX]
1818,ドス黒い血
1819,ドスゲネポスの頭
1820,ドスコイン
1821,ドスビスカス
1822,ドスヘラクレス
1823,ドスマツタケ
1824,ドスランポスの頭
1825,ドボルストーン[XX]
1826,ドラグライト鉱石
1827,鳴き袋
1828,投げナイフ
1829,なぞのお守り
1830,なぞの巨骨[XX]
1831,謎の重弩の秘伝書
1832,なぞの頭骨
1833,なぞの粘菌
1834,謎の武器の秘伝書
1835,なぞの骨
1836,七色たんぽぽ
1837,ナビルーチケット[XX]
1838,生肉
1839,生焼け肉
1840,なわばりの大フン[XX]
1841,なわばりのフン[XX]
1842,にが虫
1843,肉厚な皮
1844,肉厚な厚皮[XX]
1845,肉厚な上皮
1846,肉球のスタンプ
1847,肉球の優待券[XX]
1848,肉焼きセット
1849,錦魚
1850,虹色鉱石
1851,虹色に煌めく背甲[XX]
1852,ニトロダケ
1853,ニャンターの証
1854,二律を纏う乱翼[XX]
1855,忍耐の丸薬
1856,忍耐の種
1857,ぬいぐるみセット
1858,ネコ記憶の秘伝書[XX]
1859,ネコ毛の紅玉
1860,ネコ魂石[XX]
1861,ネコタクチケット
1862,ねじれた角[XX]
1863,熱帯イチゴ
1864,ネット
1865,ネムリ草
1866,眠り投げナイフ
1867,眠り生肉
1868,燃石炭
1869,ネンチャク草
1870,濃縮重甲エキス
1871,濃縮麻痺袋
1872,のりこねバッタ[XX]
1873,ノヴァクリスタル
1874,灰水晶の原石
1875,背反する双逆鱗[XX]
1876,覇王の証[XX]
1877,鋼の厚龍鱗[XX]
1878,鋼の山菜組引換券
1879,鋼の上龍鱗
1880,鋼のたまご
1881,鋼の龍鱗
1882,白金魚
1883,白銀のたてがみ[XX]
1884,白兎獣の大耳
1885,白兎獣の毛
1886,白兎獣の堅腹甲
1887,白兎獣の豪剛毛[XX]
1888,白兎獣の剛凍爪[XX]
1889,白兎獣の剛毛
1890,白兎獣の重端材[XX]
1891,白兎獣の重腹甲[XX]
1892,白兎獣の上端材
1893,白兎獣の凍爪
1894,白兎獣の端材
1895,白兎獣の氷爪
1896,白兎獣の腹甲
1897,白兎獣の耳
1898,はじけイワシ
1899,はじけクルミ
1900,ハチミツ
1901,発光する上粘液
1902,発光する粘液
1903,発光する濃粘液[XX]
1904,覇導玉[XX]
1905,ハナスズムシ
1906,ハリの実
1907,ハリマグロ
1908,覇竜の大牙
1909,覇竜の大棘
1910,覇竜の堅殻
1911,覇竜の厚鱗[XX]
1912,覇竜の剛爪
1913,覇竜の剛裂爪[XX]
1914,覇竜の極大牙[XX]
1915,覇竜の尻尾
1916,覇竜の重殻[XX]
1917,覇竜の重棘[XX]
1918,覇竜の重端材[XX]
1919,覇竜の重尾[XX]
1920,覇竜の上端材
1921,覇竜の上鱗
1922,覇竜の宝玉
1923,破龍の蜜餌
1924,春夜鯉
1925,ハレツアロワナ
1926,犯行の証拠[XX]
1927,ハンター認定書[XX]
1928,爆炎袋
1929,バクダンゴ
1930,爆鎚竜の顎
1931,爆鎚竜の鱗
1932,爆鎚竜の堅殻
1933,爆鎚竜の甲殻
1934,爆鎚竜の紅玉
1935,爆鎚竜の厚鱗[XX]
1936,爆鎚竜の骨髄
1937,爆鎚竜の重殻[XX]
1938,爆鎚竜の重顎[XX]
1939,爆鎚竜の重耐熱殻[XX]
1940,爆鎚竜の重端材[XX]
1941,爆鎚竜の上端材
1942,爆鎚竜の上鱗
1943,爆鎚竜の耐熱殻
1944,爆鎚竜の天殻[XX]
1945,爆鎚竜の獰端材[XX]
1946,爆鎚竜の端材
1947,爆鎚竜の猛端材
1948,爆破ビン
1949,爆薬
1950,バクレツアロワナ
1951,化け鮫の鱗
1952,化け鮫の皮
1953,化け鮫の鋸歯
1954,化け鮫の厚皮[XX]
1955,化け鮫の厚鱗[XX]
1956,化け鮫の剛刃尾[XX]
1957,化け鮫の重鋸歯[XX]
1958,化け鮫の重端材[XX]
1959,化け鮫の上端材
1960,化け鮫の上皮
1961,化け鮫の上ヒレ
1962,化け鮫の上鱗
1963,化け鮫の刃尾
1964,化け鮫の特上ヒレ[XX]
1965,化け鮫の獰端材[XX]
1966,化け鮫のヒレ
1967,化け鮫の猛端材
1968,ババコイン[XX]
1969,バリスタの弾
1970,バリスタ用拘束弾
1971,パペットチケット
1972,光り輝く体液[XX]
1973,光蟲
1974,光るお守り
1975,光る粘菌[XX]
1976,飛行船チケット
1977,飛行船チケットG[XX]
1978,飛甲虫の堅殻
1979,飛甲虫の甲殻
1980,飛甲虫の斬羽[XX]
1981,飛甲虫の重端材[XX]
1982,飛甲虫の上端材
1983,飛甲虫の端材
1984,飛甲虫の羽
1985,飛甲虫の麻痺針
1986,飛信隊の証[XX]
1987,火の蜜餌
1988,秘密のポーチ
1989,秘薬
1990,氷牙竜の鋭爪[XX]
1991,氷牙竜の堅殻[XX]
1992,氷牙竜の厚毛皮[XX]
1993,氷牙竜の剛爪[XX]
1994,氷牙竜の尻尾[XX]
1995,氷牙竜の重殻[XX]
1996,氷牙竜の重端材[XX]
1997,氷牙竜の上端材[XX]
1998,氷牙竜の上毛皮[XX]
1999,氷牙竜の靭尾[XX]
2000,氷牙竜の棘[XX]
2001,氷牙竜の獰端材[XX]
2002,氷結晶
2003,氷結晶イチゴ
2004,氷結弾
2005,氷結の蜜餌
2006,氷結袋
2007,肥沃なドロ[XX]
2008,ビストロチケット
2009,ビストロチケットG[XX]
2010,尾槌竜の堅殻
2011,尾槌竜の堅苔甲
2012,尾槌竜の堅尾甲
2013,尾槌竜のコブ
2014,尾槌竜の剛角[XX]
2015,尾槌竜の重殻[XX]
2016,尾槌竜の重苔甲[XX]
2017,尾槌竜の重端材[XX]
2018,尾槌竜の重尾甲[XX]
2019,尾槌竜の上端材
2020,尾槌竜の尖角
2021,尾槌竜の仙骨
2022,尾槌竜の獰端材[XX]
2023,尾槌竜の猛端材
2024,ピッケル
2025,ピッケルグレート
2026,ピュアクリスタル[XX]
2027,ファミ通ギフト券[XX]
2028,ファミ通チケット
2029,ファンゴの頭
2030,ファンゴの毛皮
2031,ファンゴの厚毛皮[XX]
2032,ファンゴの上毛皮
2033,封印の盾[XX]
2034,風化したお守り[XX]
2035,フエールピッケル
2036,不屈の証[XX]
2037,不屈の証G[XX]
2038,不死虫
2039,不滅の炉心殻[XX]
2040,古びたお守り
2041,古びた真紅の角[XX]
2042,フルフルコイン
2043,フルフルベビー
2044,不老蛾
2045,ふんわり黒毛玉[XX]
2046,ふんわり白毛玉[XX]
2047,ブヨブヨした皮
2048,ブヨブヨした端材
2049,ブラキコイン
2050,ブランゴの毛
2051,ブランゴの豪剛毛[XX]
2052,ブランゴの剛毛
2053,ブーメラン
2054,プラチナのたまご[XX]
2055,兵隊のフェロモン
2056,ベアライト石
2057,紅兜狩猟の証1
2058,紅兜狩猟の証10
2059,紅兜狩猟の証11[XX]
2060,紅兜狩猟の証12[XX]
2061,紅兜狩猟の証13[XX]
2062,紅兜狩猟の証14[XX]
2063,紅兜狩猟の証15[XX]
2064,紅兜狩猟の証2
2065,紅兜狩猟の証3
2066,紅兜狩猟の証4
2067,紅兜狩猟の証5
2068,紅兜狩猟の証6
2069,紅兜狩猟の証7
2070,紅兜狩猟の証8
2071,紅兜狩猟の証9
2072,紅兜の毛
2073,紅兜の堅殻
2074,紅兜の激怒髪
2075,紅兜の甲殻
2076,紅兜の豪剛毛[XX]
2077,紅兜の剛毛
2078,紅兜の真端材[XX]
2079,紅兜の重殻[XX]
2080,紅兜の天頂怒髪[XX]
2081,紅兜の天端材[XX]
2082,紅兜の怒髪
2083,紅兜の端材
2084,紅兜の銘端材
2085,ベビー日記帳
2086,ベルナチケット
2087,ベルナチケットG[XX]
2088,ペイント弾
2089,ペイントの実
2090,ペイントビン
2091,ペイントボール
2092,ペピポパンプキン
2093,宝纏の厚鱗[XX]
2094,宝岩塊
2095,宝岩巨塊[XX]
2096,泡狐竜の紫毛
2097,泡狐竜の鱗
2098,泡狐竜の逆鱗
2099,泡狐竜の厚鱗[XX]
2100,泡狐竜の剛爪[XX]
2101,泡狐竜の紫剛毛[XX]
2102,泡狐竜の紫上毛
2103,泡狐竜の紫靭尾[XX]
2104,泡狐竜の尻尾
2105,泡狐竜の重端材[XX]
2106,泡狐竜の上錦ヒレ
2107,泡狐竜の上端材
2108,泡狐竜の上鱗
2109,泡狐竜の水玉
2110,泡狐竜の尖爪
2111,泡狐竜の爪
2112,泡狐竜の天鱗[XX]
2113,泡狐竜の特錦ヒレ[XX]
2114,泡狐竜の獰端材[XX]
2115,泡狐竜の錦ヒレ
2116,泡狐竜の端材
2117,泡狐竜の猛端材
2118,崩天玉[XX]
2119,崩竜の堅殻
2120,崩竜の厚腹鱗[XX]
2121,崩竜の剛穿爪[XX]
2122,崩竜の剛ヒレ[XX]
2123,崩竜の削顎
2124,崩竜の尻尾
2125,崩竜の重殻[XX]
2126,崩竜の重削顎[XX]
2127,崩竜の重端材[XX]
2128,崩竜の重尾[XX]
2129,崩竜の上端材
2130,崩竜の上ヒレ
2131,崩竜の穿爪
2132,崩竜の腹鱗
2133,崩竜の宝玉
2134,捕獲用麻酔玉
2135,捕獲用麻酔弾
2136,捕獲用麻酔ナイフ
2137,捕獲用麻酔薬
2138,矛砕狩猟の証1
2139,矛砕狩猟の証10
2140,矛砕狩猟の証11[XX]
2141,矛砕狩猟の証12[XX]
2142,矛砕狩猟の証13[XX]
2143,矛砕狩猟の証14[XX]
2144,矛砕狩猟の証15[XX]
2145,矛砕狩猟の証2
2146,矛砕狩猟の証3
2147,矛砕狩猟の証4
2148,矛砕狩猟の証5
2149,矛砕狩猟の証6
2150,矛砕狩猟の証7
2151,矛砕狩猟の証8
2152,矛砕狩猟の証9
2153,矛砕の堅殻
2154,矛砕の甲殻
2155,矛砕の剛爪[XX]
2156,矛砕の真端材[XX]
2157,矛砕の重殻[XX]
2158,矛砕の尖爪
2159,矛砕の爪
2160,矛砕の天端材[XX]
2161,矛砕の端材
2162,矛砕の銘端材
2163,星見の花
2164,ホットドリンク
2165,ホットミート
2166,骨の重端材[XX]
2167,骨の上端材
2168,骨の端材
2169,炎の龍鱗
2170,ホワイトレバー
2171,ホーンズコイン[XX]
2172,防具合成材・脚[XX]
2173,防具合成材・頭[XX]
2174,防具合成材・腕[XX]
2175,防具合成材・腰[XX]
2176,防具合成材・胴[XX]
2177,棒状の骨
2178,ボロピッケル
2179,ボロ虫あみ
2180,ボンバッタ
2181,ぽかぽか日記帳
2182,ポッケチケット
2183,ポッケチケットG[XX]
2184,ポポノタン
2185,マカライト鉱石
2186,禍々しい闇布
2187,禍々しい狂竜結晶
2188,禍々しい布
2189,禍々しい冥布[XX]
2190,マキモドシの蜜餌
2191,マギコイン
2192,マクロスΔコイン
2193,マタタビ
2194,マタタビ爆弾
2195,マッカォの鱗
2196,マッカォの皮
2197,マッカォの厚鱗[XX]
2198,マッカォの上鱗
2199,マヒダケ
2200,麻痺投げナイフ
2201,麻痺ビン
2202,麻痺袋
2203,魔法源解放鍵[XX]
2204,マボロシチョウ[XX]
2205,守りの護符
2206,守りの爪
2207,マレコガネ
2208,マンドラゴラ
2209,まんまるドングリ
2210,未熟な海綿質
2211,水の蜜餌
2212,水袋
2213,身も凍るクチバシ[XX]
2214,明王原珠[XX]
2215,眠魚
2216,骸の重端材[XX]
2217,骸の上端材
2218,骸の端材
2219,骸龍の重端材[XX]
2220,骸龍の上端材
2221,虫あみ
2222,虫あみグレート
2223,虫の重端材[XX]
2224,虫の上端材
2225,虫の端材
2226,蝕まれた琥珀[XX]
2227,冥カイコ[XX]
2228,冥天の星くず
2229,女神の抱擁
2230,女神の眼差し
2231,雌火竜の鱗
2232,雌火竜の堅殻
2233,雌火竜の逆鱗
2234,雌火竜の甲殻
2235,雌火竜の紅玉
2236,雌火竜の厚翼膜[XX]
2237,雌火竜の厚鱗[XX]
2238,雌火竜の重殻[XX]
2239,雌火竜の重端材[XX]
2240,雌火竜の上棘
2241,雌火竜の上端材
2242,雌火竜の上鱗
2243,雌火竜の天鱗[XX]
2244,雌火竜の棘
2245,雌火竜の獰端材[XX]
2246,雌火竜の端材
2247,雌火竜の秘棘[XX]
2248,雌火竜の猛端材
2249,雌火竜の翼膜
2250,滅龍弾
2251,滅龍の蜜餌
2252,メランジェ鉱石[XX]
2253,猛毒袋
2254,モスの厚苔皮[XX]
2255,モスの苔皮
2256,モドリ玉
2257,桃毛獣の牙[XX]
2258,桃毛獣の毛[XX]
2259,桃毛獣の豪剛毛[XX]
2260,桃毛獣の剛爪[XX]
2261,桃毛獣の剛毛[XX]
2262,桃毛獣の重端材[XX]
2263,桃毛獣の上端材[XX]
2264,桃毛獣の尖爪[XX]
2265,桃毛獣の獰端材[XX]
2266,モンスターのキモ
2267,モンスターの体液
2268,モンスターの特濃[XX]
2269,モンスターの濃汁
2270,モンスターのフン
2271,モンハン部会報誌
2272,モンハン部昇段書[XX]
2273,モンハン部入部届
2274,モンハン部認定証
2275,モスジャーキー
2276,薬草
2277,灼けた甲殻[XX]
2278,夜鳥の羽鱗
2279,夜鳥の鋭翼爪
2280,夜鳥の黄金羽[XX]
2281,夜鳥の大翼[XX]
2282,夜鳥の尾羽
2283,夜鳥の金羽
2284,夜鳥の剛翼爪[XX]
2285,夜鳥の重端材[XX]
2286,夜鳥の上羽鱗
2287,夜鳥の上端材
2288,夜鳥の刃尾羽[XX]
2289,夜鳥の翼
2290,夜鳥の特上羽鱗[XX]
2291,夜鳥の獰端材[XX]
2292,夜鳥の端材
2293,夜鳥の福耳[XX]
2294,夜鳥の耳
2295,夜鳥の猛端材
2296,夜鳥の翼爪
2297,夜鳥の翼膜
2298,ヤド真珠
2299,勇気の証
2300,勇気の証G
2301,勇気の証XX
2302,郵便屋さんの手紙
2303,雪獅子の鋭牙
2304,雪獅子の牙
2305,雪獅子の毛
2306,雪獅子の豪剛毛[XX]
2307,雪獅子の剛毛
2308,雪獅子の尻尾
2309,雪獅子の重牙[XX]
2310,雪獅子の重端材[XX]
2311,雪獅子の上端材
2312,雪獅子の靭尾[XX]
2313,雪獅子の獰端材[XX]
2314,雪獅子の端材
2315,雪獅子の髭
2316,雪獅子の猛端材
2317,雪山草
2318,ユクモ温泉たまご
2319,ユクモ白玉粉
2320,ユクモチケット
2321,ユクモチケットG[XX]
2322,ユクモの木
2323,ユクモの堅木
2324,ユクモの重木
2325,ユニオン鉱石
2326,ユニクロSコイン
2327,ユニクロコイン
2328,溶岩塊
2329,溶岩獣の鱗
2330,溶岩獣の厚鱗[XX]
2331,溶岩獣の上鱗
2332,溶岩竜の鋭牙
2333,溶岩竜の堅殻
2334,溶岩竜の厚鱗[XX]
2335,溶岩竜の重殻[XX]
2336,溶岩竜の重牙[XX]
2337,溶岩竜の重端材[XX]
2338,溶岩竜の上端材
2339,溶岩竜の上ヒレ
2340,溶岩竜の上鱗
2341,溶岩竜の特上ヒレ[XX]
2342,溶岩竜の獰端材[XX]
2343,溶岩竜の猛端材
2344,陽翔原珠
2345,妖精の尻尾の紋章
2346,養虫エキス
2347,翼蛇竜の頭
2348,翼蛇竜の皮
2349,翼蛇竜の上皮
2350,翼蛇竜の特上頭[XX]
2351,翼蛇竜の特上皮[XX]
2352,鎧石
2353,鎧裂狩猟の証1[XX]
2354,鎧裂狩猟の証2[XX]
2355,鎧裂狩猟の証3[XX]
2356,鎧裂狩猟の証4[XX]
2357,鎧裂狩猟の証5[XX]
2358,鎧裂の真端材
2359,鎧裂の重殻[XX]
2360,鎧裂の剛爪[XX]
2361,鎧裂の重竜頭殻[XX]
2362,鎧裂の天端材[XX]
2363,ヨロイシダイ
2364,鎧玉
2365,鎧竜の延髄[XX]
2366,鎧竜の堅殻[XX]
2367,鎧竜の剛翼[XX]
2368,鎧竜の重殻[XX]
2369,鎧竜の重頭殻[XX]
2370,鎧竜の重端材[XX]
2371,鎧竜の上端材[XX]
2372,鎧竜の翼[XX]
2373,鎧竜の天殻[XX]
2374,鎧竜の頭殻[XX]
2375,鎧竜の獰端材[XX]
2376,雷光エキス
2377,雷光ゼリー
2378,雷光虫
2379,雷光の蜜餌
2380,雷電袋[XX]
2381,ライトクリスタル
2382,ライブチケット[XX]
2383,雷狼竜の堅殻
2384,雷狼竜の逆鱗
2385,雷狼竜の甲殻
2386,雷狼竜の高電殻
2387,雷狼竜の高電毛
2388,雷狼竜の剛角[XX]
2389,雷狼竜の剛爪[XX]
2390,雷狼竜の尻尾
2391,雷狼竜の重殻[XX]
2392,雷狼竜の重端材[XX]
2393,雷狼竜の上端材
2394,雷狼竜の靭尾[XX]
2395,雷狼竜の尖角
2396,雷狼竜の尖爪
2397,雷狼竜の帯電毛
2398,雷狼竜の蓄電殻
2399,雷狼竜の角
2400,雷狼竜の爪
2401,雷狼竜の天玉[XX]
2402,雷狼竜の獰端材[XX]
2403,雷狼竜の端材
2404,雷狼竜の碧玉
2405,雷狼竜の猛端材
2406,雷狼竜の雷電殻[XX]
2407,雷狼竜の雷電毛[XX]
2408,老山龍の巨爪[XX]
2409,老山龍の厚鱗[XX]
2410,老山龍の剛角[XX]
2411,老山龍の重殻[XX]
2412,老山龍の重端材[XX]
2413,老山龍の天鱗[XX]
2414,落陽草の根
2415,落陽草の花
2416,羅刹の金角
2417,羅刹の金剛角[XX]
2418,嵐気胞
2419,嵐気胞塊[XX]
2420,ランゴスタの薄羽
2421,ランゴスタの堅殻
2422,ランゴスタの甲殻
2423,ランゴスタの斬羽[XX]
2424,ランゴスタの羽
2425,ランポスの鱗
2426,ランポスの大爪
2427,ランポスの皮
2428,ランポスの牙
2429,ランポスの厚鱗[XX]
2430,ランポスの重端材[XX]
2431,ランポスの上端材
2432,ランポスの上皮
2433,ランポスの上鱗
2434,ランポスの尖爪
2435,ランポスの大皮
2436,ランポスの大厚皮[XX]
2437,ランポスの大剛爪[XX]
2438,ランポスの大上皮
2439,ランポスの大尖爪
2440,ランポスの端材
2441,嵐龍の鋭爪
2442,嵐龍の胸殻
2443,嵐龍の堅殻
2444,嵐龍の厚飛膜[XX]
2445,嵐龍の剛角[XX]
2446,嵐龍の剛爪[XX]
2447,嵐龍の尻尾
2448,嵐龍の重殻[XX]
2449,嵐龍の重胸殻[XX]
2450,嵐龍の重端材[XX]
2451,嵐龍の上端材
2452,嵐龍の凄尾[XX]
2453,嵐龍の角
2454,嵐龍の飛膜
2455,ラージャンハート[XX]
2456,立派なクチバシ
2457,竜玉
2458,竜骨結晶
2459,竜骨【小】
2460,竜骨【大】
2461,竜骨【中】
2462,竜琥珀のかけら
2463,龍殺しの実
2464,龍識船チケット[XX]
2465,龍神カズラ[XX]
2466,流水の蜜餌
2467,竜頭殻
2468,竜の大粒ナミダ
2469,竜の牙
2470,飛竜の卵
2471,竜の爪
2472,竜のナミダ
2473,龍の蜜餌
2474,龍秘宝
2475,龍薬石[XX]
2476,龍歴院チケット
2477,龍歴院チケットG[XX]
2478,臨界極まる粘菌[XX]
2479,リーマンコイン[XX]
2480,瑠璃色の龍玉
2481,瑠璃色の龍神玉[XX]
2482,瑠璃原珠
2483,レウスコイン
2484,歴戦の漆黒皮
2485,レギオスコイン[XX]
2486,レッドオーブ
2487,LV1回復弾
2488,LV1拡散弾
2489,LV1貫通弾
2490,LV1強撃ビン
2491,LV1減気弾
2492,LV1散弾
2493,LV1睡眠弾
2494,LV2属性強化ビン
2495,LV1属性強化ビン
2496,LV1通常弾
2497,LV1徹甲榴弾
2498,LV1毒弾
2499,LV1麻痺弾
2500,LV2回復弾
2501,LV2拡散弾
2502,LV2貫通弾
2503,LV2強撃ビン
2504,LV2減気弾
2505,LV2散弾
2506,LV2睡眠弾
2507,LV2通常弾
2508,LV2徹甲榴弾
2509,LV2毒弾
2510,LV2麻痺弾
2511,LV3拡散弾
2512,LV3貫通弾
2513,LV3散弾
2514,LV3通常弾
2515,LV3徹甲榴弾
2516,レンキン癒しタル[XX]
2517,レンキン音波爆弾[XX]
2518,レンキン活力剤[XX]
2519,レンキン狩技弾[XX]
2520,レンキン狩技砥石[XX]
2521,レンキン狩技ビン[XX]
2522,レンキン気合玉[XX]
2523,レンキン速振薬[XX]
2524,レンキンバズーカ[XX]
2525,レンキンフエール[XX]
2526,レンキンフード[XX]
2527,レンキン耳栓[XX]
2528,ロイヤルカブト
2529,ロイヤルハニー
