1,1,SP延長,SP時間延長,10,SP狩技で発動するSP状態の効果時間が1.25倍に延長される。,http://mh-x.com/skill/SP延長.html
2,2,大雪主,大雪主の魂,10,"「回避距離UP」と「スタミナ急速回復」のスキル効果が発動する複合スキル。
回避時の移動距離が1.5倍にアップ。
スタミナの回復速度が2倍の速度になる。",http://mh-x.com/skill/大雪主.html
3,3,居合,居合術【力】,10,"「抜刀術【力】」と「納刀術」のスキル効果が発動する複合スキル。
切断属性武器の抜刀攻撃に、攻撃力が5上がり、減気値20と気絶値30が付与される。
※ 打撃属性武器と同様に、抜刀攻撃は頭に当てないと、気絶値は蓄積されない。
納刀動作が速くなる。",http://mh-x.com/skill/居合.html
4,4,岩穿,岩穿の魂,10,"「火事場+2」と「拾い食い」のスキル効果が発動する複合スキル。
体力が40％以下になると攻撃力が1.3倍に上昇＆防御+45の効果。
まんぷくの効果＋肉や魚やドリンクなどのアイテムを食べると、1/3の確率でスタミナの最大値が上昇する。",http://mh-x.com/skill/岩穿.html
5,5,怒,逆鱗,10,"「火事場力+2」と「根性」のスキル効果が発動する複合スキル。
体力が最大値の40％以下の状態にある間、攻撃力が1.3倍＆防御力が45上昇。

体力が64以上残っている状態にある時、通常だと力尽きるダメージを受けても体力が10残り力尽きない。（この根性効果は、1度力尽きると再度発動する）",http://mh-x.com/skill/怒.html
6,6,朧隠,朧隠の魂,10,「高級耳栓」と「装填速度+3」と「心剣一体」のスキルが発動する複合スキル。ボウガンのリロードスピードをとても早くし、弓のビンを変更した時に自動的に装填される。剣士は攻撃が弾かれなくなり、斬れ味が落ちにくくなる効果が発動する。,http://mh-x.com/skill/朧隠.html
7,7,泡沫,泡沫の舞,10,"タマミツネの攻撃による泡状態【大】を無効化。
回避行動を一定回数繰り返すと、泡状態【小】になり、回転回避、ステップ、片手剣のバックステップ、鬼人回避の無敵時間0.2秒⇒0.33秒へ長くなる。（回避性能＋と併用した時は最大0.4秒）

※ ジャスト回避の受付時間は延長されない。
さらに、回避行動、ガード時、片手剣のバックステップ、スラッシュアックスの斧振り回し、ランスの突進ジャンプ、操虫棍の跳躍、弓の剛射時のスタミナ消費量を0.75倍に軽減する。
大型モンスターに向かって緊急回避を出すことができるようになり、緊急回避時の飛距離が伸びる。
※ 泡状態【小】でない時は効果なし。",http://mh-x.com/skill/泡沫.html
8,8,炎熱適応,南風の狩人,10,"暑さ無効の効果。
暑いエリアにいる時は攻撃力が+15増加＆防御力が+20増加。
ホットドリンクを飲むと、どのエリアでも防御力が+5増加。",http://mh-x.com/skill/炎熱適応.html
9,9,英雄の盾,英雄の護り,10,"小さなダメージを無効化できるスキル。

ダメージとあるが攻撃そのものを無効化するので、付与されているステータス異常も受け付けず、のけぞり、尻もちにもならない。
採取、剥ぎ取り、運搬、研ぎ中に攻撃を受けても無効化できれば続行する。
咆哮、振動、風圧、吹き飛ばし攻撃は無効化できない。",http://mh-x.com/skill/英雄の盾.html
10,10,荒鉤爪,荒鉤爪の魂,10,"「高級耳栓」、「早食い＋2」のスキルが発動する複合スキル。
モンスターの咆哮（バインドボイス【小】と【大】）を無効化する。
肉類を食べる速度が上がるのに加えて、回復薬などのドリンク類、秘薬、粉塵、キノコ、種などを食べる速度も上がる。",http://mh-x.com/skill/荒鉤爪.html
11,11,裏会心,痛恨会心,10,"会心率にマイナスが付いた武器で攻撃した時、マイナス会心攻撃が、25％の確率で攻撃のダメージが通常の2倍の攻撃になる。
",http://mh-x.com/skill/裏会心.html
12,12,裏稼業,暗躍,10,"「隠密」と「調合成功率+20％」と「装填数UP」の効果が発動する複合スキル。
敵から狙われにくくなり、
調合時の成功率に+20％され、
ボウガンは撃てる弾の最大数に+1
弓は4段階目まで溜められるようになる。

ガンランスは最大装填数が1増える。
チャージアックスはビン（黄）の最大装填数が2、ビン（赤）の最大装填数が5増える。

ライトボウガンの速射対応弾に+1される。

※ ヘビィボウガンのしゃがみ撃ちの装填数は変化なし",http://mh-x.com/skill/裏稼業.html
13,13,運搬,運搬の達人,10,"運搬時の移動速度が上昇。
普通に運搬した時より高いところから飛び降りても、運搬物を落とさなくなる。",http://mh-x.com/skill/運搬.html
14,14,運気,激運,20,クエストクリア時の基本報酬の4つ目以降の増加判定確率がすごく大きく上がる。,http://mh-x.com/skill/運気.html
15,14,運気,強運,15,クエストクリア時の基本報酬の4つ目以降の増加判定確率が大きく上がる。,http://mh-x.com/skill/運気.html
16,14,運気,幸運,10,クエストクリア時の基本報酬の4つ目以降の増加判定確率が上がる。,http://mh-x.com/skill/運気.html
17,14,運気,不運,-10,クエストクリア時の基本報酬の4つ目以降の増加判定確率が下がる。,http://mh-x.com/skill/運気.html
18,14,運気,災難,-15,クエストクリア時の基本報酬の4つ目以降の増加判定確率が大きく下がる。,http://mh-x.com/skill/運気.html
19,15,鏖魔,鏖魔の魂,10,"「攻撃力UP【大】」と「回避性能+2」のスキル効果が発動する複合スキル。
攻撃力が+20増加。
回避行動時の無敵時間が2倍（0.4秒）に伸びる。

片手剣の連携中に出せるバックステップにも効果の影響がある。
※ ジャスト回避の受付時間は延長されない。",http://mh-x.com/skill/鏖魔.html
20,16,KO,KO術,10,"モンスターをめまい状態にする攻撃で与える蓄積値が1.1倍になる。
操虫棍の猟虫による打撃には影響を及ぼさない。",http://mh-x.com/skill/KO.html
21,17,ガード強化,ガード強化,10,"通常ガードできない攻撃もガードできるようになる。
一部アイテム使用不可や防御DOWNとなる攻撃をガードした時も、状態異常にならなくなる。",http://mh-x.com/skill/ガード強化.html
22,18,ガード性能,ガード性能+2,15,ガードした時にもっと後退しなくなったり、ガード時に受けるダメージをもっと軽減したりする。,http://mh-x.com/skill/ガード性能.html
23,18,ガード性能,ガード性能+1,10,ガードした時に後退しなくなったり、ガード時に受けるダメージを軽減したりする。,http://mh-x.com/skill/ガード性能.html
24,18,ガード性能,ガード性能-1,-10,ガードした時の後退が大きくなったり、ガード時に受けるダメージを増加したりする。,http://mh-x.com/skill/ガード性能.html
25,19,ココット,ココットの心,10,「雷耐性+15の効果」と「精霊の気まぐれ」の2つのスキル効果のある複合スキル,http://mh-x.com/skill/ココット.html
26,20,会心強化,超会心,10,"攻撃がクリティカルヒットだった場合、通常は与えるダメージが1.25倍になるが、超会心が発動していると与えるダメージが1.4倍になる。
※ マイナス会心時は効果なし",http://mh-x.com/skill/会心強化.html
27,21,剛撃,無慈悲,10,"「見切り+2」と「弱点特効」の効果が発動する複合スキル
会心率が20％上昇。

肉質が45以上の部位を攻撃した時、会心率が50％上昇する。",http://mh-x.com/skill/剛撃.html
28,22,剛腕,痛打,10,"「KO術」と「スタミナ奪取」のスキル効果が発動する複合スキル。
モンスターをめまい状態にする攻撃で与える蓄積値が1.1倍になり、
スタミナ奪取（モンスターのスタミナへのダメージが通常の1.2倍に増える。",http://mh-x.com/skill/剛腕.html
29,23,剣術,心眼,10,はじかれるモーションがなくなる。ただし斬れ味消費量は変わらない。,http://mh-x.com/skill/剣術.html
30,23,剣術,未熟,-10,通常は攻撃が弾かれない時でも、1/3の確率で攻撃が弾かれてしまう。,http://mh-x.com/skill/剣術.html
31,24,加護,精霊の加護,10,1/4の確率で受けるダメージを30%軽減する。,http://mh-x.com/skill/加護.html
32,24,加護,悪霊の加護,-10,1/4の確率で受けるダメージを30%増加する。,http://mh-x.com/skill/加護.html
33,25,効果持続,アイテム使用強化,10,"スキル「剛刃研磨」、片手剣の「会心の刃薬」「減気の刃薬」「重撃の刃薬」「心眼の刃薬」と特定アイテムの効果または効果時間を1.5倍にする。

【アイテム使用強化の影響を受けるアイテム】
狩技ドリンク、タンジアチップス、強走薬、強走薬グレート、怪力の種、怪力の丸薬、忍耐の種、忍耐の丸薬、鬼人笛、硬化笛、ホットドリンク、クーラードリンク、ホットミート、クーラーミート、活力剤、千里眼の薬、ドキドキノコ

※ ボウガンの弾の、治癒活力弾、鬼人弾、硬化弾、硬化強靭弾、鬼人会心弾
※ スキル「キノコ大好き」発動時は、厳選キノコ、クタビレタケ
※ スキル「お肉大好き」発動時は、こんがり肉、生焼け肉",http://mh-x.com/skill/効果持続.html
34,25,効果持続,アイテム使用弱化,-10,"スキル「剛刃研磨」、片手剣の「会心の刃薬」「減気の刃薬」「重撃の刃薬」「心眼の刃薬」と特定アイテムの効果または効果時間を2/3にする。

【アイテム使用強化の影響を受けるアイテム】
狩技ドリンク、タンジアチップス、強走薬、強走薬グレート、怪力の種、怪力の丸薬、忍耐の種、忍耐の丸薬、鬼人笛、硬化笛、ホットドリンク、クーラードリンク、ホットミート、クーラーミート、活力剤、千里眼の薬、ドキドキノコ

※ ボウガンの弾の、治癒活力弾、鬼人弾、硬化弾、硬化強靭弾、鬼人会心弾
※ スキル「キノコ大好き」発動時は、厳選キノコ、クタビレタケ
※ スキル「お肉大好き」発動時は、こんがり肉、生焼け肉",http://mh-x.com/skill/効果持続.html
35,26,号令,オトモへの号令,10,オトモアイルーが休息している状態で、アクション「かけごえ」を使うと、体力を全回復して復帰させることができる。ただし、連続使用はできない。,http://mh-x.com/skill/号令.html
36,27,回復速度,回復速度+2,15,体力ゲージの赤い部分を通常の4倍の速度で回復できる。,http://mh-x.com/skill/回復速度.html
37,27,回復速度,回復速度+1,10,体力ゲージの赤い部分を通常の2倍の速度で回復できる。,http://mh-x.com/skill/回復速度.html
38,27,回復速度,回復速度-1,-10,体力ゲージの赤い部分の回復速度が通常の1/2になる。,http://mh-x.com/skill/回復速度.html
39,27,回復速度,回復速度-2,-15,体力ゲージの赤い部分の回復速度が通常の1/4になる。,http://mh-x.com/skill/回復速度.html
40,28,回復量,体力回復量UP,10,自身への体力回復アイテムの効果が1.25倍に上がる。仲間が体力回復アイテムを使ってくれた時の効果も上がる。,http://mh-x.com/skill/回復量.html
41,28,回復量,体力回復量DOWN,-10,自身への体力回復アイテムの効果が0.75倍に下がる。仲間が体力回復アイテムを使ってくれた時の効果も下がる。,http://mh-x.com/skill/回復量.html
42,29,回避性能,回避性能+2,15,"回避行動時の無敵時間が2倍（0.4秒）に伸びる。

片手剣の連携中に出せるバックステップにも効果の影響がある。
※ ジャスト回避の受付時間は延長されない。",http://mh-x.com/skill/回避性能.html
43,29,回避性能,回避性能+1,10,"回避行動時の無敵時間が1.65倍（0.33秒）に伸びる。

片手剣の連携中に出せるバックステップにも効果の影響がある。
※ ジャスト回避の受付時間は延長されない。",http://mh-x.com/skill/回避性能.html
44,29,回避性能,回避性能DOWN,-10,"回避行動の無敵時間が半分になる。

片手剣の連携中に出せるバックステップにも効果の影響がある。",http://mh-x.com/skill/回避性能.html
45,30,回避術,軽業師,10,"「体術+1」と「回避性能+1」のスキル効果が発動する複合スキル。
回避やガードなど一度にスタミナが減少するタイプの行動のスタミナ消費量を75%に減少。

加えて、大型モンスターに対して緊急回避が出せるようになり、緊急回避時の飛距離が伸びる。
回避行動時の無敵時間が1.65倍（0.33秒）に伸びる。

片手剣の連携中に出せるバックステップにも効果の影響がある。
※ ジャスト回避の受付時間は延長されない。",http://mh-x.com/skill/回避術.html
46,31,回避距離,回避距離UP,10,回避時の移動距離が1.5倍にアップ。,http://mh-x.com/skill/回避距離.html
47,32,寒冷適応,北風の狩人,10,"寒さ無効の効果。
寒いエリアにいる時は攻撃力が+15増加＆防御力が+20増加。
クーラードリンクを飲むと、どのエリアでも攻撃力が+5増加。",http://mh-x.com/skill/寒冷適応.html
48,33,広域,広域化+2,15,「薬草」「回復薬」「解毒薬」「忍耐の種」「怪力の種」「ウチケシの実」の効果を、同じエリアのPTメンバーも100％の効果を得られる。,http://mh-x.com/skill/広域.html
49,33,広域,広域化+1,10,"「薬草」「回復薬」「忍耐の種」「怪力の種」の効果を、同じエリアのPTメンバーも50％の効果を得られる。
※ 「解毒薬」の効果は100％得られる。
※ 属性やられなどに対する「ウチケシの実」の効果は100％、狂竜症ゲージの減少効果は50％得られる。",http://mh-x.com/skill/広域.html
50,34,強撃瓶追加,強撃ビン全LV追加,15,全LVの強撃ビンが装填可能になる。,http://mh-x.com/skill/強撃瓶追加.html
51,34,強撃瓶追加,強撃ビンLV1追加,10,LV1の強撃ビンが装填可能になる。,http://mh-x.com/skill/強撃瓶追加.html
52,35,我慢,虎視眈々,10,"モンスターからダメージを受けた時にも、狩技ゲージ・ブレイヴゲージ・レンキンゲージが溜まるようになる。
ストライカースタイルの場合は、、狩技ゲージが溜まる量が上昇する。",http://mh-x.com/skill/我慢.html
53,36,拡散弾追加,拡散弾全LV追加,15,全レベルの拡散弾が1発装填可能になる。,http://mh-x.com/skill/拡散弾追加.html
54,36,拡散弾追加,拡散弾LV1追加,10,LV1拡散弾が1発装填可能になる。,http://mh-x.com/skill/拡散弾追加.html
55,37,攻撃,攻撃力UP【大】,20,攻撃力が+20増加,http://mh-x.com/skill/攻撃.html
56,37,攻撃,攻撃力UP【中】,15,攻撃力が+15増加,http://mh-x.com/skill/攻撃.html
57,37,攻撃,攻撃力UP【小】,10,攻撃力が+10増加,http://mh-x.com/skill/攻撃.html
58,37,攻撃,攻撃力DOWN【小】,-10,攻撃力が-5減少,http://mh-x.com/skill/攻撃.html
59,37,攻撃,攻撃力DOWN【中】,-15,攻撃力が-10減少,http://mh-x.com/skill/攻撃.html
60,37,攻撃,攻撃力DOWN【大】,-20,攻撃力が-15減少,http://mh-x.com/skill/攻撃.html
61,38,斬れ味,業物,10,"攻撃時の斬れ味減少量を半減、大剣やチャージアックスでガードをした時の斬れ味減少量も半分になる。

ガンランスの砲撃、竜撃砲、チャージアックスの属性解放斬り時の斬れ味消費量も半減。

攻撃がはじかれなかった時は、1/2の確率で斬れ味が落ちずに済む。",http://mh-x.com/skill/斬れ味.html
62,38,斬れ味,なまくら,-10,業物の効果の影響を受ける攻撃やガードの斬れ味消費量が通常の2倍になってしまう。,http://mh-x.com/skill/斬れ味.html
63,39,根性,根性,10,体力が64以上残っている状態にある時、通常だと力尽きるダメージを受けても体力が10残り力尽きない。（この根性効果は、1度力尽きると再度発動する）,http://mh-x.com/skill/根性.html
64,40,気まぐれ,神の気まぐれ,15,ピッケル、虫あみ、笛系アイテムが、壊れにくくなる。,http://mh-x.com/skill/気まぐれ.html
65,40,気まぐれ,精霊の気まぐれ,10,ピッケル、虫あみ、笛系アイテムが、少し壊れにくくなる。,http://mh-x.com/skill/気まぐれ.html
66,40,気まぐれ,悪霊の気まぐれ,-10,ピッケル、虫あみ、笛系アイテムが、壊れやすくなる。,http://mh-x.com/skill/気まぐれ.html
67,41,気力回復,スタミナ急速回復,10,スタミナの回復速度が2倍の速度になる。,http://mh-x.com/skill/気力回復.html
68,41,気力回復,スタミナ回復遅延,-10,スタミナの回復速度が0.75倍の速度になる。,http://mh-x.com/skill/気力回復.html
69,42,気絶,気絶無効,15,気絶状態にならなくなる。,http://mh-x.com/skill/気絶.html
70,42,気絶,気絶確率半減,10,一定確率で気絶状態にならなくなる。,http://mh-x.com/skill/気絶.html
71,42,気絶,気絶倍加,-10,気絶を回復する為に必要なボタン連打（レバガチャ）が2倍になる。,http://mh-x.com/skill/気絶.html
72,43,気配,隠密,10,モンスターに気づかれにくくなる。,http://mh-x.com/skill/気配.html
73,43,気配,挑発,-10,モンスターに気づかれやすくなり、狙われる確率も上昇。,http://mh-x.com/skill/気配.html
74,44,氷属性攻撃,氷属性攻撃強化+2,15,"武器の氷属性値が1.10倍＋6になる。
※ スキル：属性攻撃強化と併用した場合は倍率部分にのみ補正がかかり、上限は1.2倍。",http://mh-x.com/skill/氷属性攻撃.html
75,44,氷属性攻撃,氷属性攻撃強化+1,10,"武器の氷属性値が1.05倍＋4になる。
※ スキル：属性攻撃強化と併用した場合は倍率部分にのみ補正がかかり、上限は1.2倍。",http://mh-x.com/skill/氷属性攻撃.html
76,44,氷属性攻撃,氷属性攻撃弱化,-10,武器の氷属性値が0.70倍になる。,http://mh-x.com/skill/氷属性攻撃.html
77,45,氷耐性,氷耐性【大】,15,氷耐性が20アップする,http://mh-x.com/skill/氷耐性.html
78,45,氷耐性,氷耐性【小】,10,氷耐性が15アップする,http://mh-x.com/skill/氷耐性.html
79,45,氷耐性,氷耐性弱化,-10,氷耐性が20ダウンする,http://mh-x.com/skill/氷耐性.html
80,46,減気攻撃,スタミナ奪取,10,モンスターのスタミナへのダメージが通常の1.2倍に増える。,http://mh-x.com/skill/減気攻撃.html
81,47,減気瓶追加,滅気ビン追加,10,滅気ビンが装填可能になる。,http://mh-x.com/skill/減気瓶追加.html
82,48,潔癖,舞踏家,10,"「回避距離UP」と「フルチャージ」の効果が発動する複合スキル。

回避時の移動距離が1.5倍にアップ。
体力が満タンの時に攻撃力が上がる。(基本攻撃力+20)

※挑戦者、フルチャージ、力の解放のスキルは重複して効果を得られない。",http://mh-x.com/skill/潔癖.html
83,49,狂撃耐性,無我の境地,10,狂竜症を克服するまでに必要な攻撃回数を減少させ、克服した時の会心率の上昇が15%→30%に増加する。,http://mh-x.com/skill/狂撃耐性.html
84,50,狩人,ハンター生活,10,こんがり肉を焼きやすくなり、地図を持っていなくてもマップが表示される。釣りでは、どのエサを使用しても、魚が最初のくいつきで釣り上げられる。あと、釣りエサ系アイテムの調合が確実に成功する,http://mh-x.com/skill/狩人.html
85,51,研磨術,剛刃研磨,10,"砥石、携帯砥石、キレアジを使用した後に1分間、剣士は斬れ味を消耗しなくなり、ガンナーは適正距離で射撃がヒットした時の攻撃倍率が1.75倍になる。
アイテム使用強化のスキルを発動させた時は、効果時間が1分30秒に伸びる。",http://mh-x.com/skill/研磨術.html
86,52,祈願,祝福,10,"「精霊の加護」と「体力回復量UP」のスキル効果が発動する複合スキル。

1/4の確率で受けるダメージを30%軽減する。
自身への体力回復アイテムの効果が1.25倍に上がる。
仲間が体力回復アイテムを使ってくれた時の効果も上がる。",http://mh-x.com/skill/祈願.html
87,53,窮地,死中に活,10,状態異常になると、攻撃力が20上昇する。,http://mh-x.com/skill/窮地.html
88,54,観察眼,捕獲の見極め,10,捕獲可能になると大型モンスターのアイコンが点滅するようになる。,http://mh-x.com/skill/観察眼.html
89,55,護石収集,お守りマニア,10,"「お守りハンター」と「
採取+1」のスキル効果が発動する複合スキル。
採取ポイントで採取できる回数が増える。

採掘でのお守り入手時に、30％の確率で2個入手できるかもしれない。",http://mh-x.com/skill/護石収集.html
90,56,護石強化,護石系統倍加,10,装備している護石のスキルポイントを倍にする効果がある。護石に装着している装飾珠のスキルポイントも倍になる。マイナスのスキルポイントが付いている場合は、マイナスが倍になる点に注意。,http://mh-x.com/skill/護石強化.html
91,57,護石王,お守りハンター,15,採掘でのお守り入手時に、30％の確率で2個入手できるかもしれない。,http://mh-x.com/skill/護石王.html
92,57,護石王,お守り収集,10,採掘でのお守り入手時に、20％の確率で2個入手できるかもしれない。,http://mh-x.com/skill/護石王.html
93,58,貫通弾強化,貫通弾・貫通矢UP,10,"ボウガンの貫通弾と、弓の貫通矢の威力が1.1倍になる。
内蔵弾の「貫通属性弾」の威力には影響を与えない。",http://mh-x.com/skill/貫通弾強化.html
94,59,貫通弾追加,貫通弾全LV追加,15,全レベルの貫通弾が装填可能になる。,http://mh-x.com/skill/貫通弾追加.html
95,59,貫通弾追加,貫通弾LV1追加,10,LV1貫通弾が装填可能になる。,http://mh-x.com/skill/貫通弾追加.html
96,60,逆上,逆恨み,10,ダメージを受けて体力ゲージに赤い部分がある間、攻撃力が20上がる。,http://mh-x.com/skill/逆上.html
97,61,逆境,不屈,10,"戦闘不能になるたびに攻撃力と防御力が上昇。
[1回目]　攻撃力1.1倍 ＋ 防御力1.15倍
[2回目]　攻撃力1.2倍 ＋ 防御力1.3倍",http://mh-x.com/skill/逆境.html
98,62,金雷公,金雷公の魂,10,"「力の解放＋2」と、「体術＋2」のスキルが発動する複合スキル。
回避やガードなど一度にスタミナが減少するタイプの行動のスタミナ消費量を50%に減少。

加えて、大型モンスターに対して緊急回避が出せるようになり、緊急回避時の飛距離が伸びる。

下記の
どちらかの発動条件を満たす度に、力の開放+2の効果が発動し、効果時間は150秒（2分半）。

[1] 大型モンスターと対峙して5分経過する

[2] 180ダメージを受ける



力の開放+2の効果は下記の2つ

[1] 会心率+50%上昇

[2] スタミナ消費量が1/4になる

※挑戦者、フルチャージ、力の解放のスキルは重複して効果を得られない。",http://mh-x.com/skill/金雷公.html
99,63,銀嶺,銀嶺の魂,10,"「ランナー」と「鈍器使い」と「通常弾・連射矢UP」のスキル効果が発動する複合スキル。
回避とガード時以外のスタミナ消費量が減る。
武器の斬れ味が悪いほど攻撃力が上昇する。
緑ゲージの場合＝攻撃力+15
黄ゲージの場合＝攻撃力+25
橙、赤ゲージの場合＝攻撃力+30
ボウガンの通常弾と、弓の連射矢の威力が1.1倍。",http://mh-x.com/skill/銀嶺.html
100,64,雷属性攻撃,雷属性攻撃強化+2,15,"武器の雷属性値が1.10倍＋6になる。

※ スキル：属性攻撃強化と併用した場合は倍率部分にのみ補正がかかり、上限は1.2倍。",http://mh-x.com/skill/雷属性攻撃.html
101,64,雷属性攻撃,雷属性攻撃強化+1,10,"武器の雷属性値が1.05倍＋4になる。

※ スキル：属性攻撃強化と併用した場合は倍率部分にのみ補正がかかり、上限は1.2倍。",http://mh-x.com/skill/雷属性攻撃.html
102,64,雷属性攻撃,雷属性攻撃弱化,-10,"武器の雷属性値が0.7倍になる。
",http://mh-x.com/skill/雷属性攻撃.html
103,65,雷耐性,雷耐性【大】,15,雷耐性が20アップする,http://mh-x.com/skill/雷耐性.html
104,65,雷耐性,雷耐性【小】,10,雷耐性が15アップする,http://mh-x.com/skill/雷耐性.html
105,65,雷耐性,雷耐性弱化,-10,雷耐性が20ダウンする,http://mh-x.com/skill/雷耐性.html
106,66,頑強,鉄壁,10,"「防御力UP【大】」と「対防御DOWN」の効果が発動する複合スキル。

防御力を上げた上に、防御力DOWNの状態異常を無効化する。",http://mh-x.com/skill/頑強.html
107,67,食いしん坊,拾い食い,15,まんぷくの効果＋肉や魚やドリンクなどのアイテムを食べると、1/3の確率でスタミナの最大値が上昇する。,http://mh-x.com/skill/食いしん坊.html
108,67,食いしん坊,まんぷく,10,生焼け肉、コゲ肉、こんがり肉、ホットミート、クーラーミート、携帯食料を食べた時、スタミナ回復量が通常より25上昇する。,http://mh-x.com/skill/食いしん坊.html
109,68,高速収集,高速収集,10,剥ぎ取り、採取、虫捕り、採掘の速度が上がる。,http://mh-x.com/skill/高速収集.html
110,69,高速設置,罠師,10,"落とし穴、シビレ罠、大タル爆弾、大タル爆弾G、対巨竜爆弾などの設置時間が短くなる。

また、ネット、落とし穴、シビレ罠、毒生肉、シビレ生肉、眠り生肉の調合成功率が100％になる。",http://mh-x.com/skill/高速設置.html
111,70,黒炎王,黒炎王の魂,10,"「攻撃力UP【大】」と「風圧【大】無効」のスキル効果が発動する複合スキル。
攻撃力が+20増加。
モンスターの風圧【大】と風圧【小】を無効化。",http://mh-x.com/skill/黒炎王.html
112,71,スタミナ,ランナー,10,納刀時のダッシュ、ランスの突進など、徐々にスタミナが減少するタイプの行動のスタミナ消費量が1/2になる。,http://mh-x.com/skill/スタミナ.html
113,71,スタミナ,鈍足,-10,納刀時のダッシュ、ランスの突進など、徐々にスタミナが減少するタイプの行動のスタミナ消費量が2倍になる。,http://mh-x.com/skill/スタミナ.html
114,72,刃鱗,刃鱗磨き,10,"抜刀中の回避行動をとった時、一定確率で砥石などを使った時のように、武器の斬れ味が5回復し、ボウガンは50％の確率で弾丸が1発装填され、弓は接撃ビンが強化される。
セルレギオス武器を装備している場合は、効果が上昇する。",http://mh-x.com/skill/刃鱗.html
115,73,千里眼,自動マーキング,15,"常に大型モンスターがいる位置と向きと攻撃状態が表示されるようになる。
（赤：発見状態　黄：警戒状態　青：未発見 or 睡眠状態）",http://mh-x.com/skill/千里眼.html
116,73,千里眼,探知,10,"ペイント時に大型モンスターの、位置と向きと攻撃状態が表示される。
ペイントしてない時でも、5分に一回2/3の確率で30秒間「自動マーキング」と同様の効果が得られる。",http://mh-x.com/skill/千里眼.html
117,74,増幅,属物強化,10,"「属性攻撃強化」と「アイテム使用強化」の効果が発動する複合スキル。

属性攻撃（火・水・雷・氷・龍）の属性値を1.1倍上げる。

強走薬、強走薬グレート、怪力の種、怪力の丸薬、忍耐の種、忍耐の丸薬、鬼人弾、硬化弾、鬼人笛、硬化笛、ホットドリンク、クーラードリンク、ホットミート、クーラーミート、活力剤、千里眼の薬、ドキドキノコ、モスジャーキーの効果時間を1.5倍にする。",http://mh-x.com/skill/増幅.html
118,75,射手,剛弾,10,"「通常弾・連射矢UP」と「貫通弾・貫通矢UP」と「散弾・拡散矢UP」の効果が発動する複合スキル。
通常弾、連射矢、貫通弾、貫通矢の威力が1.1倍上がり、散弾の威力が1.2倍、拡散矢の威力が1.3倍になる。",http://mh-x.com/skill/射手.html
119,76,射法,弾導強化,10,ボウガン、弓の弾、矢を放った時のクリティカル距離が伸びるので、少し遠くから撃ってもクリティカルになる。,http://mh-x.com/skill/射法.html
120,77,属強瓶追加,強撃ビン全LV追加,15,全LVの属強ビンが装填可能になる。,http://mh-x.com/skill/属強瓶追加.html
121,77,属強瓶追加,属強ビンLV1追加,10,LV1の属強ビンが装填可能になる。,http://mh-x.com/skill/属強瓶追加.html
122,78,属性会心,会心撃【属性】,10,"クリティカルが出た時に与える属性ダメージの効果を高める。

片手剣・双剣・弓＝1.35倍、大剣＝1.2倍、ライトボウガン・ヘビィボウガン＝1.3倍、その他＝1.25倍",http://mh-x.com/skill/属性会心.html
123,79,属性攻撃,属性攻撃強化,10,"属性攻撃（火・水・雷・氷・龍）の属性値を1.1倍上げる。
※ スキル：属性攻撃強化と併用した場合は倍率部分にのみ補正がかかり、上限は1.2倍。",http://mh-x.com/skill/属性攻撃.html
124,79,属性攻撃,属性攻撃弱化,-10,属性攻撃（火・水・雷・氷・龍）の属性値を0.9倍下げる。,http://mh-x.com/skill/属性攻撃.html
125,80,属性耐性,属性やられ無効,10,全ての属性やられ効果を無効化する。,http://mh-x.com/skill/属性耐性.html
126,81,底力,火事場力+2,15,体力が40％以下になると攻撃力が1.3倍に上昇＆防御+45の効果。,http://mh-x.com/skill/底力.html
127,81,底力,火事場力+1,10,体力が40％以下になると防御+45の効果。,http://mh-x.com/skill/底力.html
128,81,底力,心配性,-10,体力が40％以下になると攻撃力が0.7倍に下がる＆防御力上昇効果が通常の30から21に下がる。,http://mh-x.com/skill/底力.html
129,82,採取,採取+2,15,採取ポイントで採取できる回数が増える。,http://mh-x.com/skill/採取.html
130,82,採取,採取+1,10,採取ポイントで採取できる回数が少し増える。,http://mh-x.com/skill/採取.html
131,82,採取,採取-1,-10,採取ポイントで採取できる回数が減る。,http://mh-x.com/skill/採取.html
132,83,接撃瓶追加,接撃ビン追加,10,接撃ビンが装填可能になる。,http://mh-x.com/skill/接撃瓶追加.html
133,84,散弾強化,散弾・拡散矢UP,10,ボウガンの散弾の威力が1.2倍と、弓の拡散矢の威力が1.3倍。,http://mh-x.com/skill/散弾強化.html
134,85,散弾追加,散弾全LV追加,15,全レベルの散弾が装填可能になる。,http://mh-x.com/skill/散弾追加.html
135,85,散弾追加,散弾LV1追加,10,LV1散弾が装填可能になる。,http://mh-x.com/skill/散弾追加.html
136,86,斬術,心剣一体,10,"「心眼」と「業物」のスキル効果が発動する複合スキル。
はじかれるモーションがなくなる。
攻撃時の斬れ味減少量を半減、大剣やチャージアックスでガードをした時の斬れ味減少量も半分になる。

ガンランスの砲撃、竜撃砲、チャージアックスの属性解放斬り時の斬れ味消費量も半減。

攻撃がはじかれなかった時は、1/2の確率で斬れ味が落ちずに済む。",http://mh-x.com/skill/斬術.html
137,87,燼滅刃,燼滅刃の魂,10,"「斬れ味レベル+2」、「弾導強化」、「砥石使用高速化」のスキルが発動する複合スキル。
剣士の武器の斬れ味ゲージを2段階伸ばす。（従来通りゲージが伸びる）
武器を研ぐ回数が通常4回なのが1回に減る。
ボウガン、弓の弾、矢を放った時のクリティカル距離が伸びるので、少し遠くから撃ってもクリティカルになる。",http://mh-x.com/skill/燼滅刃.html
138,88,状態耐性,護法,10,"
「毒耐性」「麻痺無効」「睡眠無効」「気絶無効」のスキル効果が発動する複合スキル。
毒、猛毒状態を無効化し、劇毒になる攻撃を受けた際は、猛毒状態に軽減する。
麻痺、睡眠、気絶状態にならなくなる。",http://mh-x.com/skill/状態耐性.html
139,89,白疾風,白疾風の魂,10,"「回避性能＋2」、「見切り＋3」のスキルが発動する複合スキル。
会心率が+30%上昇。
回避行動時の無敵時間が2倍（0.4秒）に伸びる。

片手剣の連携中に出せるバックステップにも効果の影響がある。
※ ジャスト回避の受付時間は延長されない。",http://mh-x.com/skill/白疾風.html
140,90,真・大雪主,真・大雪主の魂,10,"「回避距離UP」と「スタミナ急速回復」と「乗り名人」のスキル効果が発動する複合スキル。
回避時の移動距離が1.5倍にアップ。
スタミナの回復速度が2倍の速度になる。",http://mh-x.com/skill/真・大雪主.html
141,91,真・天眼,真・天眼の魂,10,"「見切り+3」と「挑戦者+2」のスキル効果が発動する複合スキル。
会心率が+30%上昇
同じエリア内の大型モンスターが怒り状態になった3秒後に、攻撃力+20＆会心率+15％。

※挑戦者、フルチャージ、力の解放のスキルは重複して効果を得られない。",http://mh-x.com/skill/真・天眼.html
142,92,真・宝纏,真・宝纏の魂,10,"「お守りハンター」、「腹減り無効」、「英雄の護り」のスキルが発動する複合スキル。
採掘でのお守り入手時に、30％の確率で2個入手したことになる。
スタミナの最大値が寒さ以外では減らなくなる",http://mh-x.com/skill/真・宝纏.html
143,93,真・岩穿,真・岩穿の魂,10,"「火事場+2」と「拾い食い」と「砲術王」のスキル効果が発動する複合スキル。
体力が40％以下になると攻撃力が1.3倍に上昇＆防御+45の効果。
まんぷくの効果＋肉や魚やドリンクなどのアイテムを食べると、1/3の確率でスタミナの最大値が上昇する。",http://mh-x.com/skill/真・岩穿.html
144,94,真・朧隠,真・朧隠の魂,10,「高級耳栓」と「装填速度+3」「心剣一体」と「罠師」のスキルが発動する複合スキル。ボウガンのリロードスピードをとても早くし、弓のビンを変更した時に自動的に装填される。剣士は攻撃が弾かれなくなり、斬れ味が落ちにくくなる効果が発動する。,http://mh-x.com/skill/真・朧隠.html
145,95,真・燼滅刃,真・燼滅刃の魂,10,"「斬れ味レベル+2」、「弾導強化」、「砥石使用高速化」「ボマー」のスキルが発動する複合スキル。
剣士の武器の斬れ味ゲージを2段階伸ばす。（従来通りゲージが伸びる）
武器を研ぐ回数が通常4回なのが1回に減る。
ボウガン、弓の弾、矢を放った時のクリティカル距離が伸びるので、少し遠くから撃ってもクリティカルになる。
爆弾で与えるダメージが1.3倍に上昇する。（対巨龍爆弾を含む）
爆破属性攻撃で与える爆破属性蓄積値が1.2倍になる。
また、各種タル爆弾・爆薬・音爆弾・爆破ビンの調合成功率が100％になる。
※ 食事スキル：ネコの火薬術と重複した場合は、爆破属性蓄積値の最大が1.25倍になる。",http://mh-x.com/skill/真・燼滅刃.html
146,96,真・白疾風,真・白疾風の魂,10,"「回避性能＋2」、「見切り＋3」と「隠密」のスキルが発動する複合スキル。
会心率が+30%上昇。
回避行動時の無敵時間が2倍（0.4秒）に伸びる。

片手剣の連携中に出せるバックステップにも効果の影響がある。
※ ジャスト回避の受付時間は延長されない。",http://mh-x.com/skill/真・白疾風.html
147,97,真・矛砕,真・矛砕の魂,10,"「業物」と「反動軽減+2」と「精霊の加護」と「体術+1」のスキル効果が発動する複合スキル。
攻撃時の斬れ味減少量を半減、大剣やチャージアックスでガードをした時の斬れ味減少量も半分になる。

ガンランスの砲撃、竜撃砲、チャージアックスの属性解放斬り時の斬れ味消費量も半減。

攻撃がはじかれなかった時は、1/2の確率で斬れ味が落ちずに済む。

ボウガンの反動が2段階軽減される（速射には効果なし）
1/4の確率で受けるダメージを30%軽減する。
回避とガード時以外のスタミナ消費量が減少する。",http://mh-x.com/skill/真・矛砕.html
148,98,真・紅兜,真・紅兜の魂,10,"「集中」と「逆恨み」と「ランナー」のスキル効果が発動する複合スキル。
大剣・ハンマー・弓の溜め時間が0.8倍に短縮。
双剣・太刀・スラッシュアックス・チャージアックスのゲージは1.2倍溜まりやすくなる。
ダメージを受けて体力ゲージに赤い部分がある間、攻撃力が20上がる。
回避とガード時以外のスタミナ消費量が減る。",http://mh-x.com/skill/真・紅兜.html
149,99,真・紫毒姫,真・紫毒姫の魂,10,"「状態異常攻撃＋2」と「広域化＋2」と「薬草強化」のスキル効果が発動する複合スキル。
状態異常属性攻撃（毒・麻痺・睡眠）の属性値を上げる。（毒・麻痺・睡眠の基本値×1.2＋1）
※ 食事スキルと併用した場合は倍率部分にのみ補正がかかり、最大は1.25倍。

「薬草」「回復薬」「解毒薬」「忍耐の種」「怪力の種」「ウチケシの実」の効果を、同じエリアのPTメンバーも100％の効果を得られる。",http://mh-x.com/skill/真・紫毒姫.html
150,100,真・荒鉤爪,真・荒鉤爪,10,"「高級耳栓」、「早食い＋2」、「SP時間延長」のスキルが発動する複合スキル。
モンスターの咆哮（バインドボイス【小】と【大】）を無効化する。
肉類を食べる速度が上がるのに加えて、回復薬などのドリンク類、秘薬、粉塵、キノコ、種などを食べる速度も上がる。
SP狩技で発動するSP状態の効果時間が1.25倍に延長される。",http://mh-x.com/skill/真・荒鉤爪.html
151,101,真・金雷公,真・金雷公の魂,10,"「力の解放＋2」と「体術＋2」と「集中」のスキルが発動する複合スキル。
回避やガードなど一度にスタミナが減少するタイプの行動のスタミナ消費量を50%に減少。

加えて、大型モンスターに対して緊急回避が出せるようになり、緊急回避時の飛距離が伸びる。

下記の
どちらかの発動条件を満たす度に、力の開放+2の効果が発動し、効果時間は150秒（2分半）。

[1] 大型モンスターと対峙して5分経過する

[2] 180ダメージを受ける



力の開放+2の効果は下記の2つ

[1] 会心率+50%上昇

[2] スタミナ消費量が1/4になる

※挑戦者、フルチャージ、力の解放のスキルは重複して効果を得られない。

大剣・ハンマー・弓の溜め時間が0.8倍に短縮。
双剣・太刀・スラッシュアックス・チャージアックスのゲージは1.2倍溜まりやすくなる。",http://mh-x.com/skill/真・金雷公.html
152,102,真・銀嶺,真・銀嶺の魂,10,"「ランナー」と「鈍器使い」と「通常弾・連射矢UP」と「攻撃力UP【中】」のスキル効果が発動する複合スキル。
回避とガード時以外のスタミナ消費量が減る。
武器の斬れ味が悪いほど攻撃力が上昇する。
緑ゲージの場合＝攻撃力+15
黄ゲージの場合＝攻撃力+25
橙、赤ゲージの場合＝攻撃力+30
ボウガンの通常弾と、弓の連射矢の威力が1.1倍。
攻撃力が+15増加",http://mh-x.com/skill/真・銀嶺.html
153,103,真・鎧裂,真・鎧裂の魂,10,"「ガード性能+2」と「納刀術」と「刃鱗磨き」のスキル効果が発動する複合スキル。
ガードした時にもっと後退しなくなったり、ガード時に受けるダメージをもっと軽減したりする。
武器を納める動作が速くなる。
抜刀中の回避行動をとった時、一定確率で砥石などを使った時のように、武器の斬れ味が5回復し、ボウガンは50％の確率で弾丸が1発装填され、弓は接撃ビンが強化される。
セルレギオス武器を装備している場合は、効果が上昇する。",http://mh-x.com/skill/真・鎧裂.html
154,104,真・鏖魔,真・鏖魔の魂,10,"「攻撃力UP【大】」と「回避性能+2」と「明鏡止水」のスキル効果が発動する複合スキル。
攻撃力が+20増加。
回避行動時の無敵時間が2倍（0.4秒）に伸びる。

片手剣の連携中に出せるバックステップにも効果の影響がある。
※ ジャスト回避の受付時間は延長されない。
狩技ゲージの上昇速度が1.15倍に速くなる。
ダブルクロスでは、狩技ゲージだけでなく、ブレイヴゲージとレンキンゲージも溜まりやすくなる。",http://mh-x.com/skill/真・鏖魔.html
155,105,真・隻眼,真・隻眼の魂,10,"「挑戦者＋2」、「気絶無効」、「不屈」のスキルが発動する複合スキル。
同じエリア内の大型モンスターが怒り状態になった時、攻撃力+20＆会心率+15％。

※挑戦者、フルチャージ、力の解放のスキルは重複して効果を得られない。
気絶状態にならなくなる。",http://mh-x.com/skill/真・隻眼.html
156,106,真・青電主,真・青電主の魂,10,"「超会心」と「連発数+1」と「斬れ味レベル+1」と「虎視眈々」のスキル効果が発動する複合スキル。

攻撃がクリティカルヒットだった場合、通常は与えるダメージが1.25倍になるが、超会心が発動していると与えるダメージが1.4倍になる。
※ マイナス会心時は効果なし
ライトボウガンの速射で放たれる弾数が+1増加。
剣士の武器の斬れ味ゲージを1段階伸ばす。（従来の半分ゲージが伸びる）
モンスターからダメージを受けた時にも、狩技ゲージ・ブレイヴゲージ・レンキンゲージが溜まるようになる。
ストライカースタイルの場合は、、狩技ゲージが溜まる量が上昇する。",http://mh-x.com/skill/真・青電主.html
157,107,真・黒炎王,真・黒炎王の魂,10,"「攻撃力UP【大】」と「風圧【大】無効」と「火事場力+1」のスキル効果が発動する複合スキル。
攻撃力が+20増加。
モンスターの風圧【大】と風圧【小】を無効化。
体力が40％以下になると防御+45の効果。",http://mh-x.com/skill/真・黒炎王.html
158,108,睡眠,睡眠無効,10,睡眠状態にならなくなる。,http://mh-x.com/skill/睡眠.html
159,108,睡眠,睡眠倍加,-10,睡眠状態の時間を2倍にする。,http://mh-x.com/skill/睡眠.html
160,109,睡眠瓶追加,睡眠ビン追加,10,睡眠ビンが装填可能になる。,http://mh-x.com/skill/睡眠瓶追加.html
161,110,節食,満足感,10,食べたり飲んだりするアイテム類を使った時に、約1/3ほどの確率でアイテムを消費せずに、その効果のみを得られる。,http://mh-x.com/skill/節食.html
162,111,精密射撃,ブレ抑制+2,15,ボウガンのブレが【なし】になる。,http://mh-x.com/skill/精密射撃.html
163,111,精密射撃,ブレ抑制+1,10,ボウガンのブレ【小】が【なし】になり、【大】は【小】になる,http://mh-x.com/skill/精密射撃.html
164,111,精密射撃,ブレ抑制-1,-10,弾道のブレ幅が増加し、ブレが小の場合は大に、なしの場合は、「左右小」になる。,http://mh-x.com/skill/精密射撃.html
165,111,精密射撃,ブレ抑制-2,-15,弾道のブレ幅が増加し、ブレが小の場合は大に、なしの場合は、「左右大」になる。,http://mh-x.com/skill/精密射撃.html
166,112,紫毒姫,紫毒姫の魂,10,"「状態異常攻撃＋2」と「広域化＋2」のスキル効果が発動する複合スキル。
状態異常属性攻撃（毒・麻痺・睡眠）の属性値を上げる。（毒・麻痺・睡眠の基本値×1.2＋1）
※ 食事スキルと併用した場合は倍率部分にのみ補正がかかり、最大は1.25倍。

「薬草」「回復薬」「解毒薬」「忍耐の種」「怪力の種」「ウチケシの実」の効果を、同じエリアのPTメンバーも100％の効果を得られる。",http://mh-x.com/skill/紫毒姫.html
167,113,細菌学,バイオドクター,15,"狂竜症が発症した時の効果時間を0.8倍にする。
一部アイテム使用不可状態、爆破やられ状態を無効化。
こやし玉が当たったモンスターが必ずエリア移動するようになり、こやし玉の調合成功率が100％になる。",http://mh-x.com/skill/細菌学.html
168,113,細菌学,細菌研究家,10,"一部アイテム使用不可状態、爆破やられ状態を無効化。
こやし玉が当たったモンスターが必ずエリア移動するようになり、こやし玉の調合成功率が100％になる。",http://mh-x.com/skill/細菌学.html
169,114,職工,トラップマスター,10,"「ボマー」と「罠師」のスキル効果が発動する複合スキル。
爆弾で与えるダメージが1.3倍に上昇する。（対巨龍爆弾を含む）
爆破属性攻撃で与える爆破属性蓄積値が1.2倍になる。
また、各種タル爆弾・爆薬・音爆弾・爆破ビンの調合成功率が100％になる。
※ 食事スキル：ネコの火薬術と重複した場合は、爆破属性蓄積値の最大が1.25倍になる。

落とし穴、シビレ罠、大タル爆弾、大タル爆弾G、対巨竜爆弾などの設置時間が短くなる。

また、ネット、落とし穴、シビレ罠、毒生肉、シビレ生肉、眠り生肉の調合成功率が100％になる。",http://mh-x.com/skill/職工.html
170,115,自動防御,オートガード,10,武器を構えている時に、正面からの攻撃を自動的にガードする。,http://mh-x.com/skill/自動防御.html
171,116,装填数,装填数UP,10,"ライトボウガンとヘビィボウガンは撃てる弾の最大装填数に+1される。

弓は4段階目まで溜められるようになる。

ガンランスは最大装填数が1増える。
チャージアックスはビン（黄）の最大装填数が2、ビン（赤）の最大装填数が5増える。

ライトボウガンの速射対応弾数には効果はあるが、ヘビィボウガンのしゃがみ撃ちの装填数は増えない。",http://mh-x.com/skill/装填数.html
172,117,装填速度,装填速度+3,20,ボウガンのリロード速度に+3。弓のビンを切り替えるだけで自動で装填されるようになる。,http://mh-x.com/skill/装填速度.html
173,117,装填速度,装填速度+2,15,ボウガンのリロード速度に+2。弓のビンを切り替えるだけで自動で装填されるようになる。,http://mh-x.com/skill/装填速度.html
174,117,装填速度,装填速度+1,10,ボウガンのリロード速度に+1。弓のビン装着速度が1.25倍速くなる。,http://mh-x.com/skill/装填速度.html
175,117,装填速度,装填速度-1,-10,ボウガンのリロード速度に-1。弓のビン装着速度が1.1倍遅くなる。,http://mh-x.com/skill/装填速度.html
176,117,装填速度,装填速度-2,-15,ボウガンのリロード速度に-2。弓のビン装着速度が1.2倍遅くなる。,http://mh-x.com/skill/装填速度.html
177,117,装填速度,装填速度-3,-20,ボウガンのリロード速度に-3。弓のビン装着速度が1.3倍遅くなる。,http://mh-x.com/skill/装填速度.html
178,118,走行継続,キープラン,10,ダッシュによるスタミナ消費が、一定値でストップするようになり、ダッシュ続けられる。,http://mh-x.com/skill/走行継続.html
179,119,速射,連発数+1,10,ライトボウガンの速射対応弾を撃った時に、放たれる弾数が+1増加する。,http://mh-x.com/skill/速射.html
180,120,采配,オトモへの采配,10,オトモアイルーの攻撃力と防御力が、ともに1.1倍上昇する。,http://mh-x.com/skill/采配.html
181,121,重撃,破壊王,10,爆弾以外での攻撃時、破壊可能な部位の耐久値に対するダメージが上がり、モンスターがよろけやすくなるが、部位破壊後は無効になる。,http://mh-x.com/skill/重撃.html
182,122,重撃弾強化,重撃弾・重射矢UP,10,重撃弾・重射矢の威力が1.1倍上昇する。,http://mh-x.com/skill/重撃弾強化.html
183,123,隻眼,隻眼の魂,10,"「挑戦者＋2」、「気絶無効」のスキルが発動する複合スキル。
同じエリア内の大型モンスターが怒り状態になった時、攻撃力+20＆会心率+15％。

※挑戦者、フルチャージ、力の解放のスキルは重複して効果を得られない。
気絶状態にならなくなる。",http://mh-x.com/skill/隻眼.html
184,124,青電主,青電主の魂,10,"「超会心」と「連発数+1」と「斬れ味レベル+1」のスキル効果が発動する複合スキル。
攻撃がクリティカルヒットだった場合、通常は与えるダメージが1.25倍になるが、超会心が発動していると与えるダメージが1.4倍になる。
※ マイナス会心時は効果なし
ライトボウガンの速射で放たれる弾数が+1増加。
剣士の武器の斬れ味ゲージを1段階伸ばす。（従来の半分ゲージが伸びる）
モンスターからダメージを受けた時に、狩技ゲージ・ブレイヴゲージ・レンキンゲージが溜まるようになる。",http://mh-x.com/skill/青電主.html
185,125,食事,早食い+2,15,肉類を食べる速度が上がるのに加えて、回復薬などのドリンク類、秘薬、粉塵、キノコ、種などを食べる速度も上がる。,http://mh-x.com/skill/食事.html
186,125,食事,早食い+1,10,モスジャーキー以外の肉類を食べる速度が上がる。,http://mh-x.com/skill/食事.html
187,125,食事,スローライフ,-10,モスジャーキー以外の肉類を食べる速度が遅くなる。,http://mh-x.com/skill/食事.html
188,126,食欲,グルメ,10,"「早食い+2」と「お肉大好き」と「キノコ大好き」のスキル効果が発動する複合スキル。
肉類を食べる速度が上がるのに加えて、回復薬などのドリンク類、秘薬、粉塵、キノコ、種などを食べる速度も上がる。
生肉を焼かずに食べられるようになり、スタミナの最大値を50増加させる。生焼け肉、こんがり肉、ホットミート、クーラーミートを食べた時に、通常の効果＋1分間スタミナが減少しなくなる強走効果が付く。
キノコ類を食べることができるようになり、食べたキノコに応じた特殊な効果を得られる。

【特殊な効果を得られるキノコ】

アオキノコ＝回復薬

ニトロダケ＝鬼人薬
マヒダケ＝硬化薬
毒テングダケ＝栄養剤

クタビレダケ＝強走薬

マンドラゴラ＝秘薬

ドキドキノコ＝悪い効果以外のランダム効果
特産キノコ＝携帯食料
熟成キノコ＝いにしえの秘薬
オオヒマシメジ＝硬化薬

混沌茸＝千里眼の薬

コシカケダケ＝解毒薬

深層シメジ＝ウチケシの実

ドスマツタケ＝鬼人薬

スーパーキノコ＝回復薬グレート
※ ニトロダケのみ最大20個所持可能",http://mh-x.com/skill/食欲.html
189,127,だるま,だるま無効,10,雪だるまや泡まみれなどの、腕の動きを封じる状態異常を無効化する。,http://mh-x.com/skill/だるま.html
190,128,チャンス,切り札,10,"大型モンスターと戦闘中に、「怯む」「ダウン」「音やられ」などした際に、1分間狩技のダメージと効果時間が1.2倍になる。
※太刀の狩技「妖刀羅刹」のみ1.1倍になる。

【スキル：切り札で特殊な効果を得られる狩技】
絶対回避＆絶対回避【臨戦】＝1度の発動で、2回連続発動する。
狂竜身＝狂竜ウイルスを一瞬で克服し、会心率が15％上昇する。
不死鳥の息吹＝切り札による恩恵なし。
剣鬼形態＝狩技の効果が1.15倍になる。
竜の息吹＝砲撃の追加ダメージが1.2倍になる。
オルケスタソウル＝確実に笛吹き名人の効果を得られる。
獣宿し【獅子】＝攻撃力上昇効果が1.15倍上昇する。
火薬装填＝威力が上がった弾を装填できる数が、5発増える。
全弾装填＝狩技の動作が速くなる。",http://mh-x.com/skill/チャンス.html
191,129,体力,体力+50,15,体力の最大値に+50,http://mh-x.com/skill/体力.html
192,129,体力,体力+20,10,体力の最大値に+20,http://mh-x.com/skill/体力.html
193,129,体力,体力-10,-10,体力の最大値に-10,http://mh-x.com/skill/体力.html
194,129,体力,体力-30,-15,体力の最大値に-30,http://mh-x.com/skill/体力.html
195,130,体術,体術+2,15,"回避やガードなど一度にスタミナが減少するタイプの行動のスタミナ消費量を50%に減少。

加えて、大型モンスターに対して緊急回避が出せるようになり、緊急回避時の飛距離が伸びる。",http://mh-x.com/skill/体術.html
196,130,体術,体術+1,10,"回避やガードなど一度にスタミナが減少するタイプの行動のスタミナ消費量を75%に減少。

加えて、大型モンスターに対して緊急回避が出せるようになり、緊急回避時の飛距離が伸びる。",http://mh-x.com/skill/体術.html
197,130,体術,体術-1,-10,回避やガードなど一度にスタミナが減少するタイプの行動のスタミナ消費量を20%増加する。,http://mh-x.com/skill/体術.html
198,130,体術,体術-2,-15,回避やガードなど一度にスタミナが減少するタイプの行動のスタミナ消費量を35%増加する。,http://mh-x.com/skill/体術.html
199,131,刀匠,真打,10,"「斬れ味レベル+1」と「攻撃力UP【大】」の効果が発動する複合スキル。

同時に攻撃力DOWNのスキルが発動しても、真打のスキルが優先される。",http://mh-x.com/skill/刀匠.html
200,132,匠,斬れ味レベル+2,15,剣士の武器の斬れ味ゲージを2段階伸ばす。（従来通りゲージが伸びる）,http://mh-x.com/skill/匠.html
201,132,匠,斬れ味レベル+1,10,剣士の武器の斬れ味ゲージを1段階伸ばす。（従来の半分ゲージが伸びる）,http://mh-x.com/skill/匠.html
202,133,天眼,天眼の魂,10,"「見切り+3」と「挑戦者+1」のスキル効果が発動する複合スキル。
会心率が+30%上昇
同じエリア内の大型モンスターが怒り状態になった3秒後に、攻撃力+10＆会心率+10％。

※挑戦者、フルチャージ、力の解放のスキルは重複して効果を得られない。",http://mh-x.com/skill/天眼.html
203,134,宝纏,宝纏の魂,10,"「お守りハンター」、「腹減り無効」のスキルが発動する複合スキル。
採掘でのお守り入手時に、30％の確率で2個入手したことになる。
スタミナの最大値が寒さ以外では減らなくなる",http://mh-x.com/skill/宝纏.html
204,135,対炎龍,鋼殻の護り,10,"「南風の狩人」と「火耐性【大】」と「細菌研究家」のスキル効果が発動する複合スキル。

暑さ無効の効果。
暑いエリアにいる時は攻撃力が+15増加＆防御力が+20増加。
ホットドリンクを飲むと、どのエリアでも防御力が+5増加。
火耐性が20アップする。
一部アイテム使用不可状態、爆破やられ状態を無効化。

こやし玉が当たったモンスターが必ずエリア移動するようになり、こやし玉の調合成功率が100％になる。",http://mh-x.com/skill/対炎龍.html
205,136,対鋼龍,霞皮の護り,10,"「北風の狩人」と「風圧【大】無効」と「だるま無効」のスキル効果が発動する複合スキル。

寒さ無効の効果。
寒いエリアにいる時は攻撃力が+15増加＆防御力が+20増加。
クーラードリンクを飲むと、どのエリアでも攻撃力が+5増加。
モンスターの風圧【大】と風圧【小】を無効化。
雪だるまや泡まみれなどの、腕の動きを封じる状態異常を無効化する。",http://mh-x.com/skill/対鋼龍.html
206,137,対防御DOWN,鉄面皮,10,防御DOWN状態にならなくなる。,http://mh-x.com/skill/対防御DOWN.html
207,138,対霞龍,炎鱗の護り,10,"「毒耐性」と「盗み無効」と「自動マーキング」のスキル効果が発動する複合スキル。

毒に対する耐性が大きく上がり、毒・猛毒状態にならなくなり、劇毒状態になる攻撃を受けた際は猛毒状態に軽減する。
アイテムを盗まれなくなる。
常に大型モンスターがいる位置と向きと攻撃状態が表示されるようになる。
（赤：発見状態　黄：警戒状態　青：未発見 or 睡眠状態）",http://mh-x.com/skill/対霞龍.html
208,139,弾薬節約,弾薬節約,10,射撃時に、20％の確率で弾やビンを消費せずに済むことがある。,http://mh-x.com/skill/弾薬節約.html
209,140,毒,毒耐性,10,毒に対する耐性が大きく上がり、毒・猛毒状態にならなくなり、劇毒状態になる攻撃を受けた際は猛毒状態に軽減する。,http://mh-x.com/skill/毒.html
210,140,毒,毒倍加,-10,毒によって受けるダメージを2倍にする。,http://mh-x.com/skill/毒.html
211,141,毒瓶追加,毒ビン追加,10,毒ビンが装填可能になる。,http://mh-x.com/skill/毒瓶追加.html
212,142,溜め短縮,集中,10,"大剣・ハンマー・弓の溜め時間が0.8倍に短縮。
双剣・太刀・スラッシュアックス・チャージアックスのゲージは1.2倍溜まりやすくなる。",http://mh-x.com/skill/溜め短縮.html
213,142,溜め短縮,雑念,-10,"大剣・ハンマー・弓の溜め時間が1.2倍に延長

。双剣・太刀・スラッシュアックス・チャージアックスのゲージは0.8倍溜まりにくくなる。",http://mh-x.com/skill/溜め短縮.html
214,143,特殊会心,会心撃【特殊】,10,"クリティカルが出た時に与える状態異常蓄積値が1.2倍になる。

",http://mh-x.com/skill/特殊会心.html
215,144,特殊攻撃,状態異常攻撃+2,15,"状態異常属性攻撃（毒・麻痺・睡眠）の属性値を上げる。（毒・麻痺・睡眠の基本値×1.2＋1）
※ 食事スキルと併用した場合は倍率部分にのみ補正がかかり、最大は1.25倍。",http://mh-x.com/skill/特殊攻撃.html
216,144,特殊攻撃,状態異常攻撃+1,10,"状態異常属性攻撃（毒・麻痺・睡眠）の属性値を少し上げる。（毒・麻痺・睡眠の基本値×1.1＋1）
※ 食事スキルと併用した場合は倍率部分にのみ補正がかかり、最大は1.25倍。",http://mh-x.com/skill/特殊攻撃.html
217,144,特殊攻撃,状態異常攻撃弱化,-10,状態異常属性攻撃（毒・麻痺・睡眠）の属性値が少し下がる。（毒・麻痺・睡眠の基本値×0.9）,http://mh-x.com/skill/特殊攻撃.html
218,145,痛撃,弱点特効,10,肉質が45以上の部位を攻撃した時、会心率が50％上昇する。,http://mh-x.com/skill/痛撃.html
219,146,盾持,盾使い,10,"「ガード強化」と「スタミナ急速回復」の効果が発動する複合スキル。
通常ガードできない攻撃もガードできるようになり、スタミナの回復速度が速くなる。",http://mh-x.com/skill/盾持.html
220,147,研ぎ師,砥石使用高速化,10,武器を研ぐ回数が通常4回なのが1回に減る。,http://mh-x.com/skill/研ぎ師.html
221,147,研ぎ師,砥石使用低速化,-10,武器を研ぐ回数が通常4回なのが5回に増える。,http://mh-x.com/skill/研ぎ師.html
222,148,耐寒,寒さ無効,10,寒さによるスタミナ減少効果を無効化する。,http://mh-x.com/skill/耐寒.html
223,148,耐寒,寒さ倍加,-10,寒さによるスタミナ減少速度が上がる。,http://mh-x.com/skill/耐寒.html
224,149,耐暑,暑さ無効,10,暑さによる体力減少を無効化し、溶岩によるダメージ、テオ・テスカトルが発する熱から受けるダメージも無効化する。,http://mh-x.com/skill/耐暑.html
225,149,耐暑,暑さ倍加,-10,暑さによる体力減少速度が上がる。,http://mh-x.com/skill/耐暑.html
226,150,耐震,耐震,10,モンスターが起こす振動による”ふらつき状態”を無効化。,http://mh-x.com/skill/耐震.html
227,151,聴覚保護,高級耳栓,15,モンスターの咆哮（バインドボイス【小】と【大】）を無効化する。,http://mh-x.com/skill/聴覚保護.html
228,151,聴覚保護,耳栓,10,モンスターの咆哮（バインドボイス【小】）を無効化する。,http://mh-x.com/skill/聴覚保護.html
229,152,胴系統倍加,胴系統倍加,1,胴装備のスキルポイント+胴に付けている装飾品のスキルポイントを含めて2倍にする。,http://mh-x.com/skill/胴系統倍加.html
230,153,茸食,キノコ大好き,10,"キノコ類を食べることができるようになり、食べたキノコに応じた特殊な効果を得られる。
【特殊な効果を得られるキノコ】

アオキノコ＝回復薬

ニトロダケ＝鬼人薬
マヒダケ＝硬化薬
毒テングダケ＝栄養剤

クタビレダケ＝強走薬

マンドラゴラ＝秘薬

ドキドキノコ＝悪い効果以外のランダム効果
特産キノコ＝携帯食料
熟成キノコ＝いにしえの秘薬
オオヒマシメジ＝硬化薬

混沌茸＝千里眼の薬

コシカケダケ＝解毒薬

深層シメジ＝ウチケシの実

ドスマツタケ＝鬼人薬

スーパーキノコ＝回復薬グレート
※ ニトロダケのみ最大20個所持可能",http://mh-x.com/skill/茸食.html
231,154,調合成功率,調合成功率+45％,15,調合成功率に+45％,http://mh-x.com/skill/調合成功率.html
232,154,調合成功率,調合成功率+20％,10,調合成功率に+20％,http://mh-x.com/skill/調合成功率.html
233,154,調合成功率,調合成功率-10％,-10,調合成功率に-10％,http://mh-x.com/skill/調合成功率.html
234,154,調合成功率,調合成功率-20％,-15,調合成功率に-20％,http://mh-x.com/skill/調合成功率.html
235,155,調合数,最大数生産,10,生産数に幅があるアイテムを調合した時に、必ず最大数生産できるようになる。,http://mh-x.com/skill/調合数.html
236,156,跳躍,飛燕,10,"ジャンプ攻撃時に与えるダメージと、乗りの蓄積値、ダウン蓄積値が1.1倍になる。
各武器のエリアルスタイルや操虫棍など、ジャンプ攻撃を多用する立ち回りと相性が良いスキル。",http://mh-x.com/skill/跳躍.html
237,157,通常弾強化,通常弾・連射矢UP,10,ボウガンの通常弾と、弓の連射矢の威力が1.1倍。,http://mh-x.com/skill/通常弾強化.html
238,158,通常弾追加,通常弾全LV追加,10,全レベルの通常弾が装填可能になる。,http://mh-x.com/skill/通常弾追加.html
239,159,達人,見切り+3,20,会心率が+30%上昇,http://mh-x.com/skill/達人.html
240,159,達人,見切り+2,15,会心率が+20%上昇,http://mh-x.com/skill/達人.html
241,159,達人,見切り+1,10,会心率が+10%上昇,http://mh-x.com/skill/達人.html
242,159,達人,見切り-1,-10,会心率が-5%上昇,http://mh-x.com/skill/達人.html
243,159,達人,見切り-2,-15,会心率が-10%上昇,http://mh-x.com/skill/達人.html
244,159,達人,見切り-3,-20,会心率が-15%上昇,http://mh-x.com/skill/達人.html
245,160,鈍器,鈍器使い,10,"武器の斬れ味が悪いほど攻撃力が上昇する。
【MHXXの場合】
緑＝攻撃力1.1倍、黄＝攻撃力1.15倍、橙、赤ゲージの場合＝攻撃力1.2倍

【MHXの場合】
緑＝攻撃力+15、黄＝攻撃力+25、橙、赤ゲージの場合＝攻撃力+30",http://mh-x.com/skill/鈍器.html
246,161,闘魂,挑戦者+2,15,"同じエリア内の大型モンスターが怒り状態になった3秒後に、攻撃力+20＆会心率+15％。

※挑戦者、フルチャージ、力の解放のスキルは重複して効果を得られない。",http://mh-x.com/skill/闘魂.html
247,161,闘魂,挑戦者+1,10,"同じエリア内の大型モンスターが怒り状態になった3秒後に、攻撃力+10＆会心率+10％。

※挑戦者、フルチャージ、力の解放のスキルは重複して効果を得られない。",http://mh-x.com/skill/闘魂.html
248,162,乗り,乗り名人,10,ジャンプ攻撃をヒットさせた時の乗りの蓄積値が約25％程増加、さらに乗り状態で攻撃した時のゲージ増加量が約25％程増加する。,http://mh-x.com/skill/乗り.html
249,162,乗り,乗り下手,-10,ジャンプ攻撃をヒットさせた時の乗りの蓄積値が10％減少、さらに乗り状態で攻撃した時のゲージ増加量が10％減少する。,http://mh-x.com/skill/乗り.html
250,163,盗み無効,盗み無効,10,アイテムを盗まれなくなる。,http://mh-x.com/skill/盗み無効.html
251,164,納刀,納刀術,10,武器を納める動作が速くなる。,http://mh-x.com/skill/納刀.html
252,165,納刀研磨,挑戦者の納刀,10,モンスターが怒り状態の時に納刀すると、一定の確率で斬れ味が回復する。,http://mh-x.com/skill/納刀研磨.html
253,166,肉食,お肉大好き,10,生肉を焼かずに食べられるようになり、スタミナの最大値を50増加させる。生焼け肉、こんがり肉、ホットミート、クーラーミートを食べた時に、通常の効果＋1分間スタミナが減少しなくなる強走効果が付く。,http://mh-x.com/skill/肉食.html
254,167,ハチミツ,ハニーハンター,10,ハチミツが必ず2個ずつ採取できるようになる。,http://mh-x.com/skill/ハチミツ.html
255,168,ベルナ,ベルナの心,10,「火耐性+15の効果」と「腹減り半減」の2つのスキル効果のある複合スキル,http://mh-x.com/skill/ベルナ.html
256,169,ポッケ,ポッケの心,10,「氷耐性+15の効果」と「まんぷく」の2つのスキル効果のある複合スキル,http://mh-x.com/skill/ポッケ.html
257,170,剥ぎ取り,剥ぎ取り名人,15,剥ぎ取り回数が1回増える。,http://mh-x.com/skill/剥ぎ取り.html
258,170,剥ぎ取り,剥ぎ取り鉄人,10,剥ぎ取り中スーパーアーマー状態になる。,http://mh-x.com/skill/剥ぎ取り.html
259,171,北辰納豆流,ネバネバ剣法,10,"【複合スキル】
不屈（戦闘不能になるたびに攻撃力と防御力が上昇）
スタミナ奪取（モンスターのスタミナへのダメージが通常の1.2倍に増える）
ランナー（納刀時のダッシュ、ランスの突進など、徐々にスタミナが減少するタイプの行動のスタミナ消費量が1/2になる）の複合スキル。",http://mh-x.com/skill/北辰納豆流.html
260,172,反動,反動軽減+3,20,ボウガンの反動が3段階軽減される（速射には効果なし）,http://mh-x.com/skill/反動.html
261,172,反動,反動軽減+2,15,ボウガンの反動が2段階軽減される（速射には効果なし）,http://mh-x.com/skill/反動.html
262,172,反動,反動軽減+1,10,ボウガンの反動が1段階軽減される（速射には効果なし）,http://mh-x.com/skill/反動.html
263,172,反動,反動軽減-1,-10,ボウガンの反動が1段階大きくなる（速射には効果なし）,http://mh-x.com/skill/反動.html
264,172,反動,反動軽減-2,-15,ボウガンの反動が2段階大きくなる（速射には効果なし）,http://mh-x.com/skill/反動.html
265,172,反動,反動軽減-3,-20,ボウガンの反動が3段階大きくなる（速射には効果なし）,http://mh-x.com/skill/反動.html
266,173,変則射撃,特定射撃強化,10,ボウガンの武器内蔵弾と、弓の曲射＆剛射の威力が1.2倍に上がる。,http://mh-x.com/skill/変則射撃.html
267,174,抜刀会心,抜刀術【技】,10,武器をしまった状態から出せる抜刀攻撃に、会心率＋100%上乗せされる。（元が-20%なら、武器出し攻撃の会心率が80%になる。）,http://mh-x.com/skill/抜刀会心.html
268,175,抜刀減気,抜刀術【力】,10,"切断属性武器の抜刀攻撃に、攻撃力が5上がり、減気値20と気絶値30が付与される。
※ 打撃属性武器と同様に、抜刀攻撃は頭に当てないと、気絶値は蓄積されない。",http://mh-x.com/skill/抜刀減気.html
269,176,捕獲,捕獲名人,15,モンスター捕獲時に追加報酬が、通常2～3枠なのが、3～4枠になる。,http://mh-x.com/skill/捕獲.html
270,176,捕獲,捕獲上手,10,モンスター捕獲時に追加報酬が、通常2～3枠なのが、3枠になる。,http://mh-x.com/skill/捕獲.html
271,177,本気,力の解放+2,15,"下記の
どちらかの発動条件を満たす度に、効果が発動し、効果時間は150秒（2分半）。

[1] 大型モンスターと対峙して5分経過する

[2] 180ダメージを受ける



力の開放+2の効果は下記の2つ

[1] 会心率+50%上昇

[2] スタミナ消費量が1/4になる

※挑戦者、フルチャージ、力の解放のスキルは重複して効果を得られない。",http://mh-x.com/skill/本気.html
272,177,本気,力の解放+1,10,"下記の
どちらかの発動条件を満たす度に、効果が発動し、効果時間は150秒（2分半）。

[1] 大型モンスターと対峙して5分経過する

[2] 180ダメージを受ける


力の開放+1の効果は下記の2つ。

[1] 会心率+30%上昇。

[2] スタミナ消費量が1/2になる

※挑戦者、フルチャージ、力の解放のスキルは重複して効果を得られない。",http://mh-x.com/skill/本気.html
273,178,火属性攻撃,火属性攻撃強化+2,15,"武器の火属性値が1.10倍＋6になる。
※ スキル：属性攻撃強化と併用した場合は倍率部分にのみ補正がかかり、上限は1.2倍。",http://mh-x.com/skill/火属性攻撃.html
274,178,火属性攻撃,火属性攻撃強化+1,10,"武器の火属性値が1.05倍＋4になる。

※ スキル：属性攻撃強化と併用した場合は倍率部分にのみ補正がかかり、上限は1.2倍。",http://mh-x.com/skill/火属性攻撃.html
275,178,火属性攻撃,火属性攻撃弱化,-10,武器の火属性値が0.70倍になる。,http://mh-x.com/skill/火属性攻撃.html
276,179,火耐性,火耐性【大】,15,火耐性が20アップする,http://mh-x.com/skill/火耐性.html
277,179,火耐性,火耐性【小】,10,火耐性が15アップする,http://mh-x.com/skill/火耐性.html
278,179,火耐性,火耐性弱化,-10,火耐性が20ダウンする,http://mh-x.com/skill/火耐性.html
279,180,爆弾強化,ボマー,10,"爆弾で与えるダメージが1.3倍に上昇する。（対巨龍爆弾を含む）
レンキンバズーカで与えるダメージが1.5倍（60⇒90）に上昇する。
爆破属性攻撃で与える爆破属性蓄積値が1.2倍になる。
また、各種タル爆弾・爆薬・音爆弾・爆破ビンの調合成功率が100％になる。
※ 食事スキル：ネコの火薬術と重複した場合は、爆破属性蓄積値の最大が1.25倍になる。",http://mh-x.com/skill/爆弾強化.html
280,181,爆破瓶追加,爆破ビン追加,10,爆破ビンが使えるようになる。,http://mh-x.com/skill/爆破瓶追加.html
281,182,矛砕,矛砕の魂,10,"「業物」と「反動軽減+2」と「精霊の加護」のスキル効果が発動する複合スキル。
攻撃時の斬れ味減少量を半減、大剣やチャージアックスでガードをした時の斬れ味減少量も半分になる。

ガンランスの砲撃、竜撃砲、チャージアックスの属性解放斬り時の斬れ味消費量も半減。

攻撃がはじかれなかった時は、1/2の確率で斬れ味が落ちずに済む。

ボウガンの反動が2段階軽減される（速射には効果なし）

1/4の確率で受けるダメージを30%軽減する。",http://mh-x.com/skill/矛砕.html
282,183,砲術,砲術王,15,"ガンランスの砲撃＝砲撃によるダメージが1.2倍になり、ヒートゲージが赤の時の変動量が1/2になり御しやすくなる。
ガンランスの竜撃砲＝竜撃砲のダメージが1.2倍になり、ヒートゲージの消費量が1/2になり、再使用までの時間が90秒になる。
榴弾ビンのチャージアックス＝属性解放斬りの攻撃力が1.35倍になる。（ネコの砲撃術と重複した場合は最大1.4倍）
ボウガンの徹甲榴弾、竜撃弾、連爆榴弾、大砲弾＝与えるダメージが1.3倍になる。（属性部分も含む）（徹甲榴弾はネコの砲撃術と重複した場合は最大1.3倍）
バリスタ＝バリスタで与えるダメージが1.1倍になる。
巨龍砲＝老山龍戦で巨龍砲で与えるダメージが1.2倍になる。",http://mh-x.com/skill/砲術.html
283,183,砲術,砲術師,10,"ガンランスの砲撃＝砲撃によるダメージが1.1倍になり、ヒートゲージが赤の時の変動量が2/3になり御しやすくなる。
ガンランスの竜撃砲＝竜撃砲のダメージが1.1倍になり、ヒートゲージの消費量が2/3になる。
榴弾ビンのチャージアックス＝属性解放斬りの攻撃力が1.3倍になる。（ネコの砲撃術と重複した場合は最大1.4倍）
ボウガンの徹甲榴弾、竜撃弾、連爆榴弾、大砲弾＝与えるダメージが1.15倍になる。（属性部分も含む）（徹甲榴弾はネコの砲撃術と重複した場合は最大1.3倍）
バリスタ＝バリスタで与えるダメージが1.1倍になる。",http://mh-x.com/skill/砲術.html
284,184,秘術,スキル加点+2,10,スキルの効果によって、装備しているスキルポイントの合計値に+2ずつされる。,http://mh-x.com/skill/秘術.html
285,185,笛,笛吹き名人,10,笛系アイテムが壊れにくくなり、狩猟笛の演奏時間の効果を長くする。さらに旋律によっては、その効果もアップする,http://mh-x.com/skill/笛.html
286,186,紅兜,紅兜の魂,10,"「集中」と「逆恨み」のスキル効果が発動する複合スキル。
大剣・ハンマー・弓の溜め時間が0.8倍に短縮。
双剣・太刀・スラッシュアックス・チャージアックスのゲージは1.2倍溜まりやすくなる。
ダメージを受けて体力ゲージに赤い部分がある間、攻撃力が20上がる。",http://mh-x.com/skill/紅兜.html
287,187,腹減り,腹減り無効,15,スタミナの最大値が寒さ以外では減らなくなる,http://mh-x.com/skill/腹減り.html
288,187,腹減り,腹減り半減,10,スタミナの最大値減少速度が2倍に長くなる（12分）,http://mh-x.com/skill/腹減り.html
289,187,腹減り,腹減り倍加【小】,-10,スタミナの最大値減少速度が1.5倍に短くなる（4分）,http://mh-x.com/skill/腹減り.html
290,187,腹減り,腹減り倍加【大】,-15,スタミナの最大値減少速度が2倍に短くなる（3分）,http://mh-x.com/skill/腹減り.html
291,188,防御,防御力UP【大】,20,防御力を1.05倍にした数値に+25,http://mh-x.com/skill/防御.html
292,188,防御,防御力UP【中】,15,防御力を1.03倍にした数値に+20,http://mh-x.com/skill/防御.html
293,188,防御,防御力UP【小】,10,防御力が15上昇,http://mh-x.com/skill/防御.html
294,188,防御,防御力DOWN【小】,-10,防御力が10減少,http://mh-x.com/skill/防御.html
295,188,防御,防御力DOWN【中】,-15,防御力を0.95倍した数値に-10,http://mh-x.com/skill/防御.html
296,188,防御,防御力DOWN【大】,-20,防御力を0.90倍にした数値に-10,http://mh-x.com/skill/防御.html
297,189,風圧,風圧【大】無効,15,モンスターの風圧【大】と風圧【小】を無効化。,http://mh-x.com/skill/風圧.html
298,189,風圧,風圧【小】無効,10,モンスターの風圧【小】を無効化。,http://mh-x.com/skill/風圧.html
299,190,飛行酒場,飛行酒場の心,10,"「KO術」と「笛吹き名人」の効果が発動する複合スキル。
モンスターをめまい状態にする攻撃で与える蓄積値が1.1倍になり、
笛系アイテムが壊れにくくなり、狩猟笛の演奏時間の効果を長くする。さらに旋律によっては、その効果もアップする",http://mh-x.com/skill/飛行酒場.html
300,191,水属性攻撃,水属性攻撃強化+2,15,"武器の水属性値が1.10倍＋6になる。
※ スキル：属性攻撃強化と併用した場合は倍率部分にのみ補正がかかり、上限は1.2倍。",http://mh-x.com/skill/水属性攻撃.html
301,191,水属性攻撃,水属性攻撃強化+1,10,"武器の水属性値が1.05倍＋4になる。
※ スキル：属性攻撃強化と併用した場合は倍率部分にのみ補正がかかり、上限は1.2倍。",http://mh-x.com/skill/水属性攻撃.html
302,191,水属性攻撃,水属性攻撃弱化,-10,"武器の水属性値が0.70倍になる。
",http://mh-x.com/skill/水属性攻撃.html
303,192,水耐性,水耐性【大】,15,水耐性が20アップする,http://mh-x.com/skill/水耐性.html
304,192,水耐性,水耐性【小】,10,水耐性が15アップする,http://mh-x.com/skill/水耐性.html
305,192,水耐性,水耐性弱化,-10,水耐性が20ダウンする,http://mh-x.com/skill/水耐性.html
306,193,無傷,フルチャージ,10,"体力が満タンの時に攻撃力が上がる。(基本攻撃力+20)

※挑戦者、フルチャージ、力の解放のスキルは重複して効果を得られない。",http://mh-x.com/skill/無傷.html
307,194,無心,明鏡止水,10,"狩技ゲージの上昇速度が1.15倍に速くなる。
ダブルクロスでは、狩技ゲージだけでなく、ブレイヴゲージとレンキンゲージも溜まりやすくなる。",http://mh-x.com/skill/無心.html
308,195,麻痺,麻痺無効,10,麻痺状態にならなくなる。,http://mh-x.com/skill/麻痺.html
309,195,麻痺,麻痺倍加,-10,麻痺状態の時間を2倍にする。,http://mh-x.com/skill/麻痺.html
310,196,麻痺瓶追加,麻痺ビン追加,10,麻痺ビンが装填可能になる。,http://mh-x.com/skill/麻痺瓶追加.html
311,197,ユクモ,ユクモの心,10,「水耐性+15の効果」と「ハニーハンター」の2つのスキル効果のある複合スキル,http://mh-x.com/skill/ユクモ.html
312,198,榴弾追加,榴弾全LV追加,15,全レベルの榴弾が装填可能になる。,http://mh-x.com/skill/榴弾追加.html
313,198,榴弾追加,榴弾LV1追加,10,LV1榴弾が装填可能になる。,http://mh-x.com/skill/榴弾追加.html
314,199,裂傷,裂傷無効,10,裂傷やられ状態にならなくなる。,http://mh-x.com/skill/裂傷.html
315,199,裂傷,裂傷倍加,-10,裂傷やられ状態になりやすくなる。,http://mh-x.com/skill/裂傷.html
316,200,連撃,連撃の心得,10,"攻撃を当てると5秒間、会心率が25％上昇し、さらに効果時間の5秒間に連続で5回攻撃を当てると、25％だった会心率が30％に上昇する。
その後も5秒間に5回連続攻撃を満たしていれば上昇率30％をキープできる。",http://mh-x.com/skill/連撃.html
317,201,野草知識,薬草超強化,15,薬草を食べた時の、体力回復量が回復薬と同等になる。,http://mh-x.com/skill/野草知識.html
318,201,野草知識,薬草強化,10,薬草を食べた時の、体力回復量が上がる。,http://mh-x.com/skill/野草知識.html
319,202,鎧裂,鎧裂の魂,10,"「ガード性能+2」と「納刀術」のスキル効果が発動する複合スキル。
ガードした時にもっと後退しなくなったり、ガード時に受けるダメージをもっと軽減したりする。
武器を納める動作が速くなる。",http://mh-x.com/skill/鎧裂.html
320,203,龍属性攻撃,龍属性攻撃強化+2,15,"武器の龍属性値が1.10倍＋6になる。
※ スキル：属性攻撃強化と併用した場合は倍率部分にのみ補正がかかり、上限は1.2倍。",http://mh-x.com/skill/龍属性攻撃.html
321,203,龍属性攻撃,龍属性攻撃強化+1,10,"武器の龍属性値が1.05倍＋4になる。

※ スキル：属性攻撃強化と併用した場合は倍率部分にのみ補正がかかり、最大は1.2倍。",http://mh-x.com/skill/龍属性攻撃.html
322,203,龍属性攻撃,龍属性攻撃弱化,-10,武器の龍属性値が0.70倍になる。,http://mh-x.com/skill/龍属性攻撃.html
323,204,龍気,龍気活性,10,"体力が2/3以下になると、龍属性やられ【大】になって武器の属性効果が失われるが、属性耐性と攻撃力が上がり、他の属性やられ状態にならなくなる。
ただし、体力が2/3を超えると全ての効果は解除される。",http://mh-x.com/skill/龍気.html
324,205,龍耐性,龍耐性【大】,15,龍耐性が20アップする,http://mh-x.com/skill/龍耐性.html
325,205,龍耐性,龍耐性【小】,10,龍耐性が15アップする,http://mh-x.com/skill/龍耐性.html
326,205,龍耐性,龍耐性弱化,-10,龍耐性が20ダウンする,http://mh-x.com/skill/龍耐性.html
327,206,龍識船,龍識船の心,10,"「龍耐性【小】」、「細菌研究家」の効果が発動する複合スキル。
龍耐性の値が+15され、
一部アイテム使用不可状態、爆破やられ状態を無効化。

こやし玉が当たったモンスターが必ずエリア移動するようになり、こやし玉の調合成功率が100％になる。",http://mh-x.com/skill/龍識船.html
